PPI	ORF1	ORF2	 Gene1	 Gene2	Log2(R) P1	Log2(R) P2	I-score
YAL026C_YAL026C	YAL026C	YAL026C	DRS2	DRS2	0.418701001	0.418701001	-0.021179323
YAL026C_YAL053W	YAL026C	YAL053W	DRS2	FLC2	0.418701001	0.322990613	-0.424861189
YAL026C_YDL019C	YAL026C	YDL019C	DRS2	OSH2	0.418701001	0.624326506	NA
YAL029C_YAL029C	YAL029C	YAL029C	MYO4	MYO4	0.37859675	0.37859675	0.074936371
YAL029C_YBR130C	YAL029C	YBR130C	MYO4	SHE3	0.37859675	0.24454528	0.364535784
YAL029C_YKL130C	YAL029C	YKL130C	MYO4	SHE2	0.37859675	0.158579121	-0.535311618
YAL041W_YBL085W	YAL041W	YBL085W	CDC24	BOI1	0.303734703	0.415634318	NA
YAL041W_YBR200W	YAL041W	YBR200W	CDC24	BEM1	0.303734703	0.57978222	0.091827188
YAL041W_YDR379W	YAL041W	YDR379W	CDC24	RGA2	0.303734703	0.379673701	NA
YAL047C_YIL002W-A	YAL047C	YIL002W-A	SPC72	YIL002W-A	0.145657345	NA	NA
YAL047C_YLR025W	YAL047C	YLR025W	SPC72	SNF7	0.145657345	NA	NA
YAL047C_YLR045C	YAL047C	YLR045C	SPC72	STU2	0.145657345	0.519964703	NA
YAL047C_YOR069W	YAL047C	YOR069W	SPC72	VPS5	0.145657345	0.556890436	NA
YAR002C-A_YGL054C	YAR002C-A	YGL054C	ERP1	ERV14	0.546729174	0.738405288	NA
YAR002C-A_YGR284C	YAR002C-A	YGR284C	ERP1	ERV29	0.546729174	1.198068487	0.046726101
YAR018C_YDR119W	YAR018C	YDR119W	KIN3	VBA4	NA	0.30595422	NA
YAR018C_YMR198W	YAR018C	YMR198W	KIN3	CIK1	NA	0.234049009	NA
YAR018C_YOR117W	YAR018C	YOR117W	KIN3	RPT5	NA	NA	NA
YAR042W_YER120W	YAR042W	YER120W	SWH1	SCS2	NA	0.377258599	NA
YBL004W_YGL122C	YBL004W	YGL122C	UTP20	NAB2	0.222455155	0.890973787	NA
YBL004W_YLL011W	YBL004W	YLL011W	UTP20	SOF1	0.222455155	0.531232864	NA
YBL007C_YCR030C	YBL007C	YCR030C	SLA1	SYP1	0.357215791	0.720449883	NA
YBL007C_YER118C	YBL007C	YER118C	SLA1	SHO1	0.357215791	0.363301133	NA
YBL007C_YFR024C-A	YBL007C	YFR024C-A	SLA1	LSB3	0.357215791	0.745341492	-1.250628487
YBL007C_YFR051C	YBL007C	YFR051C	SLA1	RET2	0.357215791	0.203833944	NA
YBL007C_YGL206C	YBL007C	YGL206C	SLA1	CHC1	0.357215791	0.376158685	-0.435408624
YBL007C_YHR016C	YBL007C	YHR016C	SLA1	YSC84	0.357215791	NA	NA
YBL007C_YIL095W	YBL007C	YIL095W	SLA1	PRK1	0.357215791	0.277931512	NA
YBL007C_YML109W	YBL007C	YML109W	SLA1	ZDS2	0.357215791	0.317551946	NA
YBL007C_YNL084C	YBL007C	YNL084C	SLA1	END3	0.357215791	0.603991295	-0.384708166
YBL007C_YNL106C	YBL007C	YNL106C	SLA1	INP52	0.357215791	0.418736054	NA
YBL007C_YOR047C	YBL007C	YOR047C	SLA1	STD1	0.357215791	NA	NA
YBL007C_YOR181W	YBL007C	YOR181W	SLA1	LAS17	0.357215791	0.135178981	-0.54042025
YBL017C_YBL017C	YBL017C	YBL017C	PEP1	PEP1	0.235719403	0.235719403	-0.278753573
YBL017C_YJL053W	YBL017C	YJL053W	PEP1	PEP8	0.235719403	0.845984331	0.592238739
YBL017C_YJL154C	YBL017C	YJL154C	PEP1	VPS35	0.235719403	0.63943227	-0.562752624
YBL017C_YMR010W	YBL017C	YMR010W	PEP1	YMR010W	0.235719403	0.322385849	-0.164051096
YBL026W_YCR093W	YBL026W	YCR093W	LSM2	CDC39	0.798354879	0.736186448	0.071297357
YBL026W_YDL160C	YBL026W	YDL160C	LSM2	DHH1	0.798354879	0.644020755	1.333097952
YBL026W_YDR378C	YBL026W	YDR378C	LSM2	LSM6	0.798354879	NA	2.180056912
YBL026W_YER112W	YBL026W	YER112W	LSM2	LSM4	0.798354879	0.836821179	0.743150929
YBL026W_YLR438C-A	YBL026W	YLR438C-A	LSM2	LSM3	0.798354879	0.919337952	1.134356656
YBL033C_YBL033C	YBL033C	YBL033C	RIB1	RIB1	0.834190083	0.834190083	-0.373010018
YBL033C_YNL287W	YBL033C	YNL287W	RIB1	SEC21	0.834190083	0.086281943	NA
YBL034C_YOL069W	YBL034C	YOL069W	STU1	NUF2	0.185321884	0.419343473	NA
YBL051C_YNL288W	YBL051C	YNL288W	PIN4	CAF40	0.079145437	0.787684296	-0.808638465
YBL068W_YKL181W	YBL068W	YKL181W	PRS4	PRS1	0.572942588	0.177263749	-0.5944275
YBL071W-A_YGR200C	YBL071W-A	YGR200C	KTI11	ELP2	0.744032072	0.110874527	-0.258728041
YBL075C_YPL042C	YBL075C	YPL042C	SSA3	SSN3	0.367136057	NA	NA
YBL085W_YBR200W	YBL085W	YBR200W	BOI1	BEM1	0.415634318	0.57978222	NA
YBL085W_YML109W	YBL085W	YML109W	BOI1	ZDS2	0.415634318	0.317551946	NA
YBL085W_YNL078W	YBL085W	YNL078W	BOI1	NIS1	0.415634318	0.168367482	NA
YBL093C_YOR140W	YBL093C	YOR140W	ROX3	SFL1	0.75067635	0.401896051	NA
YBR006W_YBR006W	YBR006W	YBR006W	UGA2	UGA2	0.589426851	0.589426851	-0.456146921
YBR009C_YBR195C	YBR009C	YBR195C	HHF1	MSI1	-0.021037675	0.108892663	NA
YBR009C_YDL058W	YBR009C	YDL058W	HHF1	USO1	-0.021037675	0.303834687	NA
YBR009C_YDR499W	YBR009C	YDR499W	HHF1	LCD1	-0.021037675	0.230062722	NA
YBR009C_YGL206C	YBR009C	YGL206C	HHF1	CHC1	-0.021037675	0.376158685	NA
YBR009C_YHR089C	YBR009C	YHR089C	HHF1	GAR1	-0.021037675	0.423832492	NA
YBR009C_YJL115W	YBR009C	YJL115W	HHF1	ASF1	-0.021037675	0.482834902	0.246349547
YBR009C_YKL038W	YBR009C	YKL038W	HHF1	RGT1	-0.021037675	0.279085008	NA
YBR009C_YKR048C	YBR009C	YKR048C	HHF1	NAP1	-0.021037675	0.92354636	0.044562076
YBR009C_YKR092C	YBR009C	YKR092C	HHF1	SRP40	-0.021037675	0.881946091	NA
YBR009C_YLL022C	YBR009C	YLL022C	HHF1	HIF1	-0.021037675	0.52604851	-0.404729501
YBR009C_YLR384C	YBR009C	YLR384C	HHF1	IKI3	-0.021037675	0.611843525	NA
YBR009C_YLR449W	YBR009C	YLR449W	HHF1	FPR4	-0.021037675	1.067185505	0.102882389
YBR009C_YML056C	YBR009C	YML056C	HHF1	IMD4	-0.021037675	0.231210912	NA
YBR009C_YNL031C	YBR009C	YNL031C	HHF1	HHT2	-0.021037675	0.354156414	1.081352068
YBR009C_YOR362C	YBR009C	YOR362C	HHF1	PRE10	-0.021037675	1.228401095	NA
YBR023C_YGL203C	YBR023C	YGL203C	CHS3	KEX1	0.216679419	0.114677156	-0.10136328
YBR025C_YBR055C	YBR025C	YBR055C	OLA1	PRP6	1.221622014	0.625867414	NA
YBR034C_YGL240W	YBR034C	YGL240W	HMT1	DOC1	0.409235503	0.449690967	NA
YBR034C_YNR052C	YBR034C	YNR052C	HMT1	POP2	0.409235503	0.230618553	NA
YBR036C_YDL212W	YBR036C	YDL212W	CSG2	SHR3	1.00590839	0.512043068	-0.147317213
YBR036C_YPL057C	YBR036C	YPL057C	CSG2	SUR1	1.00590839	0.464838867	NA
YBR041W_YHR072W	YBR041W	YHR072W	FAT1	ERG7	0.364221478	0.082995672	-0.173102795
YBR041W_YIL124W	YBR041W	YIL124W	FAT1	AYR1	0.364221478	NA	0.621866979
YBR041W_YKL094W	YBR041W	YKL094W	FAT1	YJU3	0.364221478	0.693217826	0.375331152
YBR041W_YKL140W	YBR041W	YKL140W	FAT1	TGL1	0.364221478	0.362984496	0.102173299
YBR055C_YDR378C	YBR055C	YDR378C	PRP6	LSM6	0.625867414	NA	NA
YBR057C_YBR057C	YBR057C	YBR057C	MUM2	MUM2	0.311170414	0.311170414	-1.255623738
YBR057C_YCL010C	YBR057C	YCL010C	MUM2	SGF29	0.311170414	0.279700629	NA
YBR057C_YDR200C	YBR057C	YDR200C	MUM2	VPS64	0.311170414	0.210919684	NA
YBR057C_YGL192W	YBR057C	YGL192W	MUM2	IME4	0.311170414	NA	NA
YBR057C_YGR130C	YBR057C	YGR130C	MUM2	YGR130C	0.311170414	0.770378342	NA
YBR057C_YPR199C	YBR057C	YPR199C	MUM2	ARR1	0.311170414	NA	NA
YBR080C_YER021W	YBR080C	YER021W	SEC18	RPN3	0.398196925	0.159677912	NA
YBR080C_YGL137W	YBR080C	YGL137W	SEC18	SEC27	0.398196925	0.467786153	-1.29840743
YBR080C_YHR027C	YBR080C	YHR027C	SEC18	RPN1	0.398196925	0.960583188	NA
YBR080C_YKL145W	YBR080C	YKL145W	SEC18	RPT1	0.398196925	0.774758569	NA
YBR080C_YOR261C	YBR080C	YOR261C	SEC18	RPN8	0.398196925	0.786388877	NA
YBR094W_YEL015W	YBR094W	YEL015W	PBY1	EDC3	0.527784447	0.659375969	NA
YBR102C_YBR102C	YBR102C	YBR102C	EXO84	EXO84	0.241788321	0.241788321	-0.879766907
YBR102C_YBR200W	YBR102C	YBR200W	EXO84	BEM1	0.241788321	0.57978222	NA
YBR102C_YDR166C	YBR102C	YDR166C	EXO84	SEC5	0.241788321	0.357686385	0.31573009
YBR102C_YER008C	YBR102C	YER008C	EXO84	SEC3	0.241788321	0.639452638	NA
YBR102C_YIL068C	YBR102C	YIL068C	EXO84	SEC6	0.241788321	0.4194432	NA
YBR102C_YLR166C	YBR102C	YLR166C	EXO84	SEC10	0.241788321	0.701314978	-0.235532236
YBR102C_YNL031C	YBR102C	YNL031C	EXO84	HHT2	0.241788321	0.354156414	NA
YBR102C_YPR032W	YBR102C	YPR032W	EXO84	SRO7	0.241788321	0.596332213	NA
YBR102C_YPR055W	YBR102C	YPR055W	EXO84	SEC8	0.241788321	0.582001184	-0.485646014
YBR111W-A_YDR224C	YBR111W-A	YDR224C	SUS1	HTB1	NA	0.078112813	NA
YBR111W-A_YKR003W	YBR111W-A	YKR003W	SUS1	OSH6	NA	0.603165897	NA
YBR112C_YBR112C	YBR112C	YBR112C	CYC8	CYC8	0.374638961	0.374638961	NA
YBR112C_YKL038W	YBR112C	YKL038W	CYC8	RGT1	0.374638961	0.279085008	NA
YBR130C_YAL029C	YBR130C	YAL029C	SHE3	MYO4	0.24454528	0.37859675	0.082702083
YBR130C_YIL138C	YBR130C	YIL138C	SHE3	TPM2	0.24454528	0.586293066	-0.461925175
YBR130C_YKL130C	YBR130C	YKL130C	SHE3	SHE2	0.24454528	0.158579121	-0.365996603
YBR133C_YKL101W	YBR133C	YKL101W	HSL7	HSL1	0.248665446	0.16712052	NA
YBR133C_YPL209C	YBR133C	YPL209C	HSL7	IPL1	0.248665446	0.391061221	NA
YBR153W_YBR153W	YBR153W	YBR153W	RIB7	RIB7	NA	NA	NA
YBR155W_YGR187C	YBR155W	YGR187C	CNS1	HGH1	0.76637441	0.648490447	-0.145390435
YBR169C_YDR171W	YBR169C	YDR171W	SSE2	HSP42	0.85089572	1.551857647	NA
YBR169C_YGL122C	YBR169C	YGL122C	SSE2	NAB2	0.85089572	0.890973787	NA
YBR172C_YER068W	YBR172C	YER068W	SMY2	MOT2	0.135278306	0.02102958	NA
YBR177C_YBR041W	YBR177C	YBR041W	EHT1	FAT1	0.321544898	0.364221478	0.382156783
YBR177C_YHR027C	YBR177C	YHR027C	EHT1	RPN1	0.321544898	0.960583188	NA
YBR194W_YMR012W	YBR194W	YMR012W	AIM4	CLU1	0.598392805	0.542100592	NA
YBR194W_YMR047C	YBR194W	YMR047C	AIM4	NUP116	0.598392805	0.280806386	NA
YBR194W_YOR136W	YBR194W	YOR136W	AIM4	IDH2	0.598392805	0.57609065	NA
YBR200W_YAL041W	YBR200W	YAL041W	BEM1	CDC24	0.57978222	0.303734703	-0.274457806
YBR200W_YBL085W	YBR200W	YBL085W	BEM1	BOI1	0.57978222	0.415634318	NA
YBR200W_YDR166C	YBR200W	YDR166C	BEM1	SEC5	0.57978222	0.357686385	NA
YBR200W_YGL212W	YBR200W	YGL212W	BEM1	VAM7	0.57978222	0.970468848	NA
YBR200W_YLR166C	YBR200W	YLR166C	BEM1	SEC10	0.57978222	0.701314978	NA
YBR200W_YNL298W	YBR200W	YNL298W	BEM1	CLA4	0.57978222	0.423245011	NA
YBR200W_YPL045W	YBR200W	YPL045W	BEM1	VPS16	0.57978222	0.242023564	NA
YBR207W_YNL238W	YBR207W	YNL238W	FTH1	KEX2	0.491203186	0.31318165	-0.916513309
YBR207W_YNL255C	YBR207W	YNL255C	FTH1	GIS2	0.491203186	0.743426143	NA
YBR210W_YDR515W	YBR210W	YDR515W	ERV15	SLF1	NA	0.970513411	NA
YBR210W_YGR284C	YBR210W	YGR284C	ERV15	ERV29	NA	1.198068487	NA
YBR214W_YFR040W	YBR214W	YFR040W	SDS24	SAP155	1.010822226	0.88089023	-0.152540117
YBR216C_YML007W	YBR216C	YML007W	YBP1	YAP1	0.381732866	0.593220249	0.203339675
YBR217W_YMR058W	YBR217W	YMR058W	ATG12	FET3	NA	0.719990647	NA
YBR222C_YBR222C	YBR222C	YBR222C	PCS60	PCS60	0.389425742	0.389425742	0.587444015
YBR237W_YMR125W	YBR237W	YMR125W	PRP5	STO1	0.425126313	0.719185364	NA
YBR244W_YPR156C	YBR244W	YPR156C	GPX2	TPO3	3.545268675	0.67406	1.493210878
YBR247C_YCR057C	YBR247C	YCR057C	ENP1	PWP2	0.670523866	0.512367267	NA
YBR247C_YGR081C	YBR247C	YGR081C	ENP1	SLX9	0.670523866	0.341949559	-0.580145873
YBR247C_YMR128W	YBR247C	YMR128W	ENP1	ECM16	0.670523866	0.548745226	NA
YBR247C_YPL012W	YBR247C	YPL012W	ENP1	RRP12	0.670523866	0.52140855	-0.736849444
YBR267W_YBR267W	YBR267W	YBR267W	REI1	REI1	0.971047342	0.971047342	-0.533884505
YBR267W_YGL099W	YBR267W	YGL099W	REI1	LSG1	0.971047342	0.542148834	0.595207478
YBR267W_YKR048C	YBR267W	YKR048C	REI1	NAP1	0.971047342	0.92354636	0.766939988
YBR271W_YNL255C	YBR271W	YNL255C	EFM2	GIS2	0.222898724	0.743426143	NA
YBR276C_YGL122C	YBR276C	YGL122C	PPS1	NAB2	NA	0.890973787	NA
YBR278W_YOL077C	YBR278W	YOL077C	DPB3	BRX1	0.734347388	0.641755909	NA
YBR288C_YBR288C	YBR288C	YBR288C	APM3	APM3	0.013530839	0.013530839	-0.328607881
YBR288C_YPL195W	YBR288C	YPL195W	APM3	APL5	0.013530839	0.266741939	-0.171373095
YCL010C_YHR008C	YCL010C	YHR008C	SGF29	SOD2	0.279700629	0.766658212	NA
YCL021W-A_YPL094C	YCL021W-A	YPL094C	YCL021W-A	SEC62	NA	0.293885433	NA
YCL029C_YCL029C	YCL029C	YCL029C	BIK1	BIK1	0.282444785	0.282444785	0.334610511
YCL029C_YER016W	YCL029C	YER016W	BIK1	BIM1	0.282444785	0.218274162	NA
YCL029C_YLR045C	YCL029C	YLR045C	BIK1	STU2	0.282444785	0.519964703	NA
YCL029C_YNL091W	YCL029C	YNL091W	BIK1	NST1	0.282444785	0.202358144	NA
YCL029C_YPL269W	YCL029C	YPL269W	BIK1	KAR9	0.282444785	0.254734836	NA
YCL029C_YPR199C	YCL029C	YPR199C	BIK1	ARR1	0.282444785	NA	NA
YCL063W_YFR021W	YCL063W	YFR021W	VAC17	ATG18	NA	0.724795245	NA
YCR005C_YCR005C	YCR005C	YCR005C	CIT2	CIT2	0.358461068	0.358461068	1.577743663
YCR009C_YMR192W	YCR009C	YMR192W	RVS161	GYL1	0.783237769	1.011364459	-0.160404993
YCR009C_YOR181W	YCR009C	YOR181W	RVS161	LAS17	0.783237769	0.135178981	NA
YCR014C_YDL147W	YCR014C	YDL147W	POL4	RPN5	NA	0.82556801	NA
YCR020W-B_YNL255C	YCR020W-B	YNL255C	HTL1	GIS2	0.654719871	0.743426143	NA
YCR028C-A_YDL222C	YCR028C-A	YDL222C	RIM1	FMP45	0.641699318	0.25099849	-0.946352719
YCR028C-A_YNR051C	YCR028C-A	YNR051C	RIM1	BRE5	0.641699318	0.223219414	NA
YCR030C_YCR030C	YCR030C	YCR030C	SYP1	SYP1	0.720449883	0.720449883	0.139321898
YCR030C_YDR032C	YCR030C	YDR032C	SYP1	PST2	0.720449883	1.580860278	-0.425582486
YCR030C_YFR024C-A	YCR030C	YFR024C-A	SYP1	LSB3	0.720449883	0.745341492	-1.117063816
YCR030C_YHR016C	YCR030C	YHR016C	SYP1	YSC84	0.720449883	NA	NA
YCR030C_YIL095W	YCR030C	YIL095W	SYP1	PRK1	0.720449883	0.277931512	NA
YCR030C_YJR076C	YCR030C	YJR076C	SYP1	CDC11	0.720449883	0.865223892	0.082502405
YCR030C_YLR332W	YCR030C	YLR332W	SYP1	MID2	0.720449883	0.685387846	0.623927329
YCR030C_YOR181W	YCR030C	YOR181W	SYP1	LAS17	0.720449883	0.135178981	-0.424184172
YCR033W_YMR273C	YCR033W	YMR273C	SNT1	ZDS1	0.192065106	0.197947947	NA
YCR059C_YGL195W	YCR059C	YGL195W	YIH1	GCN1	0.163458112	0.403734816	-0.050651856
YCR060W_YDR190C	YCR060W	YDR190C	TAH1	RVB1	0.751667802	0.573928737	0.641250567
YCR075C_YPL246C	YCR075C	YPL246C	ERS1	RBD2	NA	0.186792263	-1.393821892
YCR084C_YBR112C	YCR084C	YBR112C	TUP1	CYC8	NA	0.374638961	NA
YCR084C_YGR238C	YCR084C	YGR238C	TUP1	KEL2	NA	0.318142895	NA
YCR093W_YCR093W	YCR093W	YCR093W	CDC39	CDC39	0.736186448	0.736186448	-0.081907911
YCR093W_YER068W	YCR093W	YER068W	CDC39	MOT2	0.736186448	0.02102958	-0.177541501
YCR093W_YIL038C	YCR093W	YIL038C	CDC39	NOT3	0.736186448	0.494370096	0.429720723
YCR093W_YNL288W	YCR093W	YNL288W	CDC39	CAF40	0.736186448	0.787684296	0.619147973
YCR093W_YNR052C	YCR093W	YNR052C	CDC39	POP2	0.736186448	0.230618553	0.128878251
YCR093W_YPR072W	YCR093W	YPR072W	CDC39	NOT5	0.736186448	0.314186187	0.805533611
YDL002C_YDL002C	YDL002C	YDL002C	NHP10	NHP10	0.517273809	0.517273809	-0.011302702
YDL007W_YDL013W	YDL007W	YDL013W	RPT2	SLX5	NA	NA	NA
YDL007W_YHR027C	YDL007W	YHR027C	RPT2	RPN1	NA	0.960583188	NA
YDL019C_YMR109W	YDL019C	YMR109W	OSH2	MYO5	0.624326506	0.456482294	0.136331181
YDL030W_YHR152W	YDL030W	YHR152W	PRP9	SPO12	0.564096382	0.307221034	NA
YDL043C_YLR147C	YDL043C	YLR147C	PRP11	SMD3	0.575500413	NA	NA
YDL043C_YML046W	YDL043C	YML046W	PRP11	PRP39	0.575500413	0.227999703	NA
YDL047W_YFR040W	YDL047W	YFR040W	SIT4	SAP155	0.423762898	0.88089023	-0.314498764
YDL047W_YHR096C	YDL047W	YHR096C	SIT4	HXT5	0.423762898	NA	NA
YDL047W_YLR384C	YDL047W	YLR384C	SIT4	IKI3	0.423762898	0.611843525	-2.443660459
YDL052C_YBR041W	YDL052C	YBR041W	SLC1	FAT1	0.664217723	0.364221478	-0.265014306
YDL055C_YFR040W	YDL055C	YFR040W	PSA1	SAP155	0.182411793	0.88089023	NA
YDL055C_YHL011C	YDL055C	YHL011C	PSA1	PRS3	0.182411793	0.855896649	NA
YDL055C_YPR010C	YDL055C	YPR010C	PSA1	RPA135	0.182411793	0.111052273	NA
YDL056W_YHR206W	YDL056W	YHR206W	MBP1	SKN7	0.397644083	0.198594646	NA
YDL056W_YLR182W	YDL056W	YLR182W	MBP1	SWI6	0.397644083	0.207955401	NA
YDL056W_YNL154C	YDL056W	YNL154C	MBP1	YCK2	0.397644083	0.424434963	NA
YDL058W_YDL058W	YDL058W	YDL058W	USO1	USO1	0.303834687	0.303834687	-0.613352224
YDL076C_YPL082C	YDL076C	YPL082C	RXT3	MOT1	0.317572445	0.500934152	NA
YDL088C_YFR002W	YDL088C	YFR002W	ASM4	NIC96	0.104077695	NA	NA
YDL088C_YJL039C	YDL088C	YJL039C	ASM4	NUP192	0.104077695	NA	NA
YDL088C_YML031W	YDL088C	YML031W	ASM4	NDC1	0.104077695	0.362043718	0.73755022
YDL088C_YMR153W	YDL088C	YMR153W	ASM4	NUP53	0.104077695	0.476348423	1.629198187
YDL088C_YNL154C	YDL088C	YNL154C	ASM4	YCK2	0.104077695	0.424434963	NA
YDL097C_YDL147W	YDL097C	YDL147W	RPN6	RPN5	0.990487771	0.82556801	0.095998118
YDL097C_YDR427W	YDL097C	YDR427W	RPN6	RPN9	0.990487771	1.343182053	0.921696649
YDL097C_YOR261C	YDL097C	YOR261C	RPN6	RPN8	0.990487771	0.786388877	0.466474807
YDL111C_YJR022W	YDL111C	YJR022W	RRP42	LSM8	0.446436053	0.370410037	NA
YDL111C_YPR189W	YDL111C	YPR189W	RRP42	SKI3	0.446436053	0.348807433	NA
YDL113C_YJL036W	YDL113C	YJL036W	ATG20	SNX4	0.482350615	0.559172425	-0.10741777
YDL113C_YLR191W	YDL113C	YLR191W	ATG20	PEX13	0.482350615	0.625853733	NA
YDL115C_YPR187W	YDL115C	YPR187W	IWR1	RPO26	0.898148308	0.636544373	NA
YDL134C_YPR110C	YDL134C	YPR110C	PPH21	RPC40	0.592672475	0.393351293	NA
YDL135C_YPR156C	YDL135C	YPR156C	RDI1	TPO3	1.231561904	0.67406	-0.909375092
YDL147W_YDL097C	YDL147W	YDL097C	RPN5	RPN6	0.82556801	0.990487771	NA
YDL147W_YDR427W	YDL147W	YDR427W	RPN5	RPN9	0.82556801	1.343182053	0.369655985
YDL147W_YGR253C	YDL147W	YGR253C	RPN5	PUP2	0.82556801	0.86554997	NA
YDL147W_YKL145W	YDL147W	YKL145W	RPN5	RPT1	0.82556801	0.774758569	NA
YDL147W_YOR261C	YDL147W	YOR261C	RPN5	RPN8	0.82556801	0.786388877	0.572078203
YDL160C_YCR077C	YDL160C	YCR077C	DHH1	PAT1	0.644020755	0.278788585	-0.091739763
YDL160C_YCR093W	YDL160C	YCR093W	DHH1	CDC39	0.644020755	0.736186448	-0.143631431
YDL160C_YDR170C	YDL160C	YDR170C	DHH1	SEC7	0.644020755	-0.00420511	NA
YDL160C_YDR378C	YDL160C	YDR378C	DHH1	LSM6	0.644020755	NA	2.503190343
YDL160C_YEL015W	YDL160C	YEL015W	DHH1	EDC3	0.644020755	0.659375969	-0.340498038
YDL160C_YER068W	YDL160C	YER068W	DHH1	MOT2	0.644020755	0.02102958	-0.740623283
YDL160C_YER112W	YDL160C	YER112W	DHH1	LSM4	0.644020755	0.836821179	0.375372971
YDL160C_YGR178C	YDL160C	YGR178C	DHH1	PBP1	0.644020755	0.942294348	0.433136129
YDL160C_YLR350W	YDL160C	YLR350W	DHH1	ORM2	0.644020755	1.158643491	NA
YDL160C_YLR438C-A	YDL160C	YLR438C-A	DHH1	LSM3	0.644020755	0.919337952	0.517472266
YDL160C_YNL118C	YDL160C	YNL118C	DHH1	DCP2	0.644020755	0.434967157	-0.310054342
YDL160C_YNL147W	YDL160C	YNL147W	DHH1	LSM7	0.644020755	1.068272032	1.525371751
YDL160C_YNL197C	YDL160C	YNL197C	DHH1	WHI3	0.644020755	0.238653836	-0.347769001
YDL160C_YNR052C	YDL160C	YNR052C	DHH1	POP2	0.644020755	0.230618553	-0.246517925
YDL160C_YOL149W	YDL160C	YOL149W	DHH1	DCP1	0.644020755	0.331709163	-0.374063705
YDL160C_YOR204W	YDL160C	YOR204W	DHH1	DED1	0.644020755	NA	-0.392856534
YDL160C_YPR129W	YDL160C	YPR129W	DHH1	SCD6	0.644020755	0.666668399	0.129117261
YDL165W_YCR093W	YDL165W	YCR093W	CDC36	CDC39	0.435711908	0.736186448	NA
YDL165W_YDL165W	YDL165W	YDL165W	CDC36	CDC36	0.435711908	0.435711908	NA
YDL165W_YER068W	YDL165W	YER068W	CDC36	MOT2	0.435711908	0.02102958	0.338003173
YDL165W_YIL038C	YDL165W	YIL038C	CDC36	NOT3	0.435711908	0.494370096	0.849403018
YDL165W_YNL288W	YDL165W	YNL288W	CDC36	CAF40	0.435711908	0.787684296	0.567236981
YDL168W_YMR290C	YDL168W	YMR290C	SFA1	HAS1	1.748153207	NA	NA
YDL175C_YPL190C	YDL175C	YPL190C	AIR2	NAB3	0.264446577	0.105450566	NA
YDL182W_YDL131W	YDL182W	YDL131W	LYS20	LYS21	0.243789559	0.320383845	0.233083899
YDL182W_YDL182W	YDL182W	YDL182W	LYS20	LYS20	0.243789559	0.243789559	0.146649099
YDL192W_YDL137W	YDL192W	YDL137W	ARF1	ARF2	0.612861653	0.37205311	0.037931553
YDL192W_YDL192W	YDL192W	YDL192W	ARF1	ARF1	0.612861653	0.612861653	0.520950985
YDL192W_YFR051C	YDL192W	YFR051C	ARF1	RET2	0.612861653	0.203833944	-0.230277835
YDL192W_YGL008C	YDL192W	YGL008C	ARF1	PMA1	0.612861653	NA	NA
YDL192W_YGL137W	YDL192W	YGL137W	ARF1	SEC27	0.612861653	0.467786153	-0.258055426
YDL192W_YKL135C	YDL192W	YKL135C	ARF1	APL2	0.612861653	1.003519926	NA
YDL212W_YBR036C	YDL212W	YBR036C	SHR3	CSG2	0.512043068	1.00590839	0.021011886
YDL212W_YDL212W	YDL212W	YDL212W	SHR3	SHR3	0.512043068	0.512043068	0.034289846
YDL212W_YGR191W	YDL212W	YGR191W	SHR3	HIP1	0.512043068	0.530751526	0.134855104
YDL213C_YDL208W	YDL213C	YDL208W	NOP6	NHP2	0.367818129	0.389142035	1.02937392
YDL213C_YJL109C	YDL213C	YJL109C	NOP6	UTP10	0.367818129	0.473443234	NA
YDL222C_YBL029C-A	YDL222C	YBL029C-A	FMP45	YBL029C-A	0.25099849	0.832706003	-0.283864879
YDL224C_YNL197C	YDL224C	YNL197C	WHI4	WHI3	0.391718055	0.238653836	NA
YDL227C_YHR027C	YDL227C	YHR027C	HO	RPN1	0.138997416	0.960583188	NA
YDL235C_YLR006C	YDL235C	YLR006C	YPD1	SSK1	0.31119286	0.356609964	NA
YDL236W_YGL122C	YDL236W	YGL122C	PHO13	NAB2	0.585843014	0.890973787	NA
YDL236W_YLR420W	YDL236W	YLR420W	PHO13	URA4	0.585843014	0.416154625	0.664635008
YDR005C_YGR246C	YDR005C	YGR246C	MAF1	BRF1	0.34633257	0.551322944	NA
YDR005C_YHR205W	YDR005C	YHR205W	MAF1	SCH9	0.34633257	0.442025173	NA
YDR028C_YDR477W	YDR028C	YDR477W	REG1	SNF1	-0.200065222	0.668294688	NA
YDR028C_YER027C	YDR028C	YER027C	REG1	GAL83	-0.200065222	0.182241421	NA
YDR032C_YBR052C	YDR032C	YBR052C	PST2	RFS1	1.580860278	0.847715361	0.60066709
YDR032C_YCR030C	YDR032C	YCR030C	PST2	SYP1	1.580860278	0.720449883	-0.756814044
YDR032C_YDR032C	YDR032C	YDR032C	PST2	PST2	1.580860278	1.580860278	0.185708197
YDR047W_YDR047W	YDR047W	YDR047W	HEM12	HEM12	0.475899763	0.475899763	0.37225273
YDR060W_YDR087C	YDR060W	YDR087C	MAK21	RRP1	0.707606611	0.333267412	NA
YDR060W_YGL120C	YDR060W	YGL120C	MAK21	PRP43	0.707606611	0.685673412	NA
YDR060W_YGR103W	YDR060W	YGR103W	MAK21	NOP7	0.707606611	0.396058511	NA
YDR060W_YJL130C	YDR060W	YJL130C	MAK21	URA2	0.707606611	0.176213099	NA
YDR060W_YMR229C	YDR060W	YMR229C	MAK21	RRP5	0.707606611	0.547479938	NA
YDR060W_YNL002C	YDR060W	YNL002C	MAK21	RLP7	0.707606611	NA	NA
YDR060W_YOR206W	YDR060W	YOR206W	MAK21	NOC2	0.707606611	0.782673369	-0.053421808
YDR060W_YPL012W	YDR060W	YPL012W	MAK21	RRP12	0.707606611	0.52140855	NA
YDR060W_YPL043W	YDR060W	YPL043W	MAK21	NOP4	0.707606611	0.417997029	-0.032986353
YDR068W_YDR068W	YDR068W	YDR068W	DOS2	DOS2	0.278356881	0.278356881	0.174839208
YDR071C_YBL056W	YDR071C	YBL056W	PAA1	PTC3	0.766093631	0.778494104	0.384864045
YDR084C_YGL122C	YDR084C	YGL122C	TVP23	NAB2	0.361839128	0.890973787	NA
YDR087C_YNL002C	YDR087C	YNL002C	RRP1	RLP7	0.333267412	NA	NA
YDR087C_YOR206W	YDR087C	YOR206W	RRP1	NOC2	0.333267412	0.782673369	NA
YDR087C_YPR016C	YDR087C	YPR016C	RRP1	TIF6	0.333267412	0.290010849	NA
YDR092W_YER063W	YDR092W	YER063W	UBC13	THO1	0.646488085	0.455482126	NA
YDR092W_YGL087C	YDR092W	YGL087C	UBC13	MMS2	0.646488085	1.246433899	-0.178872302
YDR092W_YIL002W-A	YDR092W	YIL002W-A	UBC13	YIL002W-A	0.646488085	NA	NA
YDR092W_YMR140W	YDR092W	YMR140W	UBC13	SIP5	0.646488085	0.360774366	-2.683100186
YDR100W_YDR100W	YDR100W	YDR100W	TVP15	TVP15	0.499997019	0.499997019	-0.107736867
YDR100W_YGL137W	YDR100W	YGL137W	TVP15	SEC27	0.499997019	0.467786153	-0.245637266
YDR100W_YHR016C	YDR100W	YHR016C	TVP15	YSC84	0.499997019	NA	NA
YDR100W_YLR273C	YDR100W	YLR273C	TVP15	PIG1	0.499997019	NA	NA
YDR105C_YGL122C	YDR105C	YGL122C	TMS1	NAB2	0.512869772	0.890973787	NA
YDR110W_YGL122C	YDR110W	YGL122C	FOB1	NAB2	0.390248968	0.890973787	NA
YDR129C_YIL062C	YDR129C	YIL062C	SAC6	ARC15	0.788485599	0.470923256	0.817897288
YDR129C_YOR181W	YDR129C	YOR181W	SAC6	LAS17	0.788485599	0.135178981	-0.631127091
YDR141C_YIL048W	YDR141C	YIL048W	DOP1	NEO1	0.670606827	0.457788683	NA
YDR150W_YLR084C	YDR150W	YLR084C	NUM1	RAX2	0.328762594	0.223878736	NA
YDR150W_YOR069W	YDR150W	YOR069W	NUM1	VPS5	0.328762594	0.556890436	NA
YDR152W_YGL122C	YDR152W	YGL122C	GIR2	NAB2	0.478319033	0.890973787	NA
YDR156W_YOR340C	YDR156W	YOR340C	RPA14	RPA43	0.764963352	0.310678549	0.535871052
YDR166C_YER008C	YDR166C	YER008C	SEC5	SEC3	0.357686385	0.639452638	-0.87305848
YDR166C_YOR326W	YDR166C	YOR326W	SEC5	MYO2	0.357686385	0.256818988	NA
YDR170C_YDR170C	YDR170C	YDR170C	SEC7	SEC7	-0.00420511	-0.00420511	0.338392255
YDR170C_YDR477W	YDR170C	YDR477W	SEC7	SNF1	-0.00420511	0.668294688	NA
YDR188W_YDR385W	YDR188W	YDR385W	CCT6	EFT2	NA	0.632442547	NA
YDR188W_YLR045C	YDR188W	YLR045C	CCT6	STU2	NA	0.519964703	0.455441219
YDR188W_YNL212W	YDR188W	YNL212W	CCT6	VID27	NA	0.558694102	NA
YDR190C_YNL031C	YDR190C	YNL031C	RVB1	HHT2	0.573928737	0.354156414	NA
YDR190C_YPL129W	YDR190C	YPL129W	RVB1	TAF14	0.573928737	0.386090115	NA
YDR200C_YNL154C	YDR200C	YNL154C	VPS64	YCK2	0.210919684	0.424434963	NA
YDR208W_YHR135C	YDR208W	YHR135C	MSS4	YCK1	0.353238076	0.227420772	NA
YDR213W_YNL031C	YDR213W	YNL031C	UPC2	HHT2	0.453755623	0.354156414	NA
YDR238C_YIL106W	YDR238C	YIL106W	SEC26	MOB1	0.548325306	0.256999179	NA
YDR238C_YPL010W	YDR238C	YPL010W	SEC26	RET3	0.548325306	0.602111222	NA
YDR255C_YIL097W	YDR255C	YIL097W	RMD5	FYV10	NA	0.56913529	NA
YDR259C_YGL122C	YDR259C	YGL122C	YAP6	NAB2	NA	0.890973787	NA
YDR264C_YHR135C	YDR264C	YHR135C	AKR1	YCK1	0.574685416	0.227420772	0.490474348
YDR264C_YIL048W	YDR264C	YIL048W	AKR1	NEO1	0.574685416	0.457788683	0.169739658
YDR264C_YKL178C	YDR264C	YKL178C	AKR1	STE3	0.574685416	NA	NA
YDR265W_YKL197C	YDR265W	YKL197C	PEX10	PEX1	0.345394878	0.33818658	NA
YDR265W_YOL044W	YDR265W	YOL044W	PEX10	PEX15	0.345394878	0.381079924	NA
YDR265W_YOL147C	YDR265W	YOL147C	PEX10	PEX11	0.345394878	0.340416759	-1.798856152
YDR284C_YDR284C	YDR284C	YDR284C	DPP1	DPP1	0.483553231	0.483553231	-0.278925189
YDR293C_YDR293C	YDR293C	YDR293C	SSD1	SSD1	0.524696282	0.524696282	0.462121206
YDR293C_YDR486C	YDR293C	YDR486C	SSD1	VPS60	0.524696282	0.778158463	NA
YDR293C_YOR117W	YDR293C	YOR117W	SSD1	RPT5	0.524696282	NA	NA
YDR296W_YPL049C	YDR296W	YPL049C	MHR1	DIG1	0.46656803	0.281347193	NA
YDR300C_YDR300C	YDR300C	YDR300C	PRO1	PRO1	0.446463982	0.446463982	-0.412262188
YDR320C_YGL206C	YDR320C	YGL206C	SWA2	CHC1	0.493993693	0.376158685	0.559848352
YDR324C_YLL011W	YDR324C	YLL011W	UTP4	SOF1	0.758581856	0.531232864	NA
YDR329C_YOL147C	YDR329C	YOL147C	PEX3	PEX11	0.173295454	0.340416759	0.14945364
YDR331W_YHR188C	YDR331W	YHR188C	GPI8	GPI16	0.177967829	NA	0.297648123
YDR334W_YLR438C-A	YDR334W	YLR438C-A	SWR1	LSM3	NA	0.919337952	NA
YDR346C_YOR061W	YDR346C	YOR061W	SVF1	CKA2	0.384266042	0.961068283	NA
YDR364C_YMR125W	YDR364C	YMR125W	CDC40	STO1	0.226556106	0.719185364	NA
YDR379W_YDR379W	YDR379W	YDR379W	RGA2	RGA2	0.379673701	0.379673701	-1.054743871
YDR385W_YLR022C	YDR385W	YLR022C	EFT2	SDO1	0.632442547	0.46800989	NA
YDR388W_YDR416W	YDR388W	YDR416W	RVS167	SYF1	0.265744489	0.439476975	NA
YDR388W_YFR024C-A	YDR388W	YFR024C-A	RVS167	LSB3	0.265744489	0.745341492	NA
YDR388W_YGL090W	YDR388W	YGL090W	RVS167	LIF1	0.265744489	0.017615607	NA
YDR388W_YGR268C	YDR388W	YGR268C	RVS167	HUA1	0.265744489	0.455570213	NA
YDR388W_YIL147C	YDR388W	YIL147C	RVS167	SLN1	0.265744489	0.375152055	NA
YDR388W_YLR337C	YDR388W	YLR337C	RVS167	VRP1	0.265744489	0.505580967	0.205853634
YDR388W_YOR357C	YDR388W	YOR357C	RVS167	SNX3	0.265744489	0.768378217	NA
YDR397C_YER159C	YDR397C	YER159C	NCB2	BUR6	0.438026398	0.586997627	1.178245293
YDR398W_YDR324C	YDR398W	YDR324C	UTP5	UTP4	0.444076327	0.758581856	-0.342228973
YDR398W_YGR128C	YDR398W	YGR128C	UTP5	UTP8	0.444076327	0.733736304	1.541878272
YDR398W_YHR196W	YDR398W	YHR196W	UTP5	UTP9	0.444076327	0.77941806	-0.138638489
YDR398W_YJL109C	YDR398W	YJL109C	UTP5	UTP10	0.444076327	0.473443234	-0.029633506
YDR398W_YMR093W	YDR398W	YMR093W	UTP5	UTP15	0.444076327	0.639105069	0.104898334
YDR398W_YNR051C	YDR398W	YNR051C	UTP5	BRE5	0.444076327	0.223219414	NA
YDR416W_YGR195W	YDR416W	YGR195W	SYF1	SKI6	0.439476975	0.355088655	NA
YDR422C_YDR028C	YDR422C	YDR028C	SIP1	REG1	0.216109465	-0.200065222	NA
YDR422C_YOR027W	YDR422C	YOR027W	SIP1	STI1	0.216109465	0.655563897	NA
YDR427W_YOR294W	YDR427W	YOR294W	RPN9	RRS1	1.343182053	NA	NA
YDR434W_YHR188C	YDR434W	YHR188C	GPI17	GPI16	0.20172113	NA	0.312928841
YDR436W_YKL088W	YDR436W	YKL088W	PPZ2	CAB3	0.475979165	NA	0.089113764
YDR436W_YKR072C	YDR436W	YKR072C	PPZ2	SIS2	0.475979165	0.481499071	NA
YDR436W_YOR054C	YDR436W	YOR054C	PPZ2	VHS3	0.475979165	NA	-0.015211474
YDR477W_YDR028C	YDR477W	YDR028C	SNF1	REG1	0.668294688	-0.200065222	0.111917169
YDR477W_YGL023C	YDR477W	YGL023C	SNF1	PIB2	0.668294688	0.293443759	NA
YDR477W_YOL069W	YDR477W	YOL069W	SNF1	NUF2	0.668294688	0.419343473	NA
YDR484W_YBL017C	YDR484W	YBL017C	VPS52	PEP1	0.572389809	0.235719403	-0.580717029
YDR493W_YGL122C	YDR493W	YGL122C	MZM1	NAB2	0.703366716	0.890973787	NA
YDR507C_YJR076C	YDR507C	YJR076C	GIN4	CDC11	0.324056012	0.865223892	NA
YDR507C_YKR048C	YDR507C	YKR048C	GIN4	NAP1	0.324056012	0.92354636	-0.125584143
YDR507C_YMR139W	YDR507C	YMR139W	GIN4	RIM11	0.324056012	0.848902259	NA
YDR507C_YPL058C	YDR507C	YPL058C	GIN4	PDR12	0.324056012	0.050046244	-1.428251148
YDR515W_YHR072W-A	YDR515W	YHR072W-A	SLF1	NOP10	0.970513411	0.678012669	NA
YDR515W_YKL054C	YDR515W	YKL054C	SLF1	DEF1	0.970513411	0.195793887	-0.973524227
YDR515W_YML077W	YDR515W	YML077W	SLF1	BET5	0.970513411	NA	NA
YEL002C_YLR350W	YEL002C	YLR350W	WBP1	ORM2	0.281807334	1.158643491	-0.08046845
YEL017W_YEL017W	YEL017W	YEL017W	GTT3	GTT3	0.34198714	0.34198714	0.217087652
YEL051W_YNL031C	YEL051W	YNL031C	VMA8	HHT2	0.527254845	0.354156414	NA
YEL051W_YPR036W	YEL051W	YPR036W	VMA8	VMA13	0.527254845	0.353816108	-0.365173786
YER002W_YKL021C	YER002W	YKL021C	NOP16	MAK11	0.923289483	0.641734127	NA
YER002W_YOL077C	YER002W	YOL077C	NOP16	BRX1	0.923289483	0.641755909	NA
YER006W_YLR449W	YER006W	YLR449W	NUG1	FPR4	0.680355358	1.067185505	NA
YER006W_YMR047C	YER006W	YMR047C	NUG1	NUP116	0.680355358	0.280806386	NA
YER006W_YMR290C	YER006W	YMR290C	NUG1	HAS1	0.680355358	NA	NA
YER006W_YNL002C	YER006W	YNL002C	NUG1	RLP7	0.680355358	NA	NA
YER006W_YNR053C	YER006W	YNR053C	NUG1	NOG2	0.680355358	0.424005323	NA
YER006W_YOR206W	YER006W	YOR206W	NUG1	NOC2	0.680355358	0.782673369	NA
YER006W_YPL043W	YER006W	YPL043W	NUG1	NOP4	0.680355358	0.417997029	NA
YER006W_YPR016C	YER006W	YPR016C	NUG1	TIF6	0.680355358	0.290010849	NA
YER008C_YER008C	YER008C	YER008C	SEC3	SEC3	0.639452638	0.639452638	0.100129644
YER008C_YKL130C	YER008C	YKL130C	SEC3	SHE2	0.639452638	0.158579121	NA
YER008C_YLR166C	YER008C	YLR166C	SEC3	SEC10	0.639452638	0.701314978	0.5468384
YER008C_YPR055W	YER008C	YPR055W	SEC3	SEC8	0.639452638	0.582001184	-0.010066134
YER016W_YGR048W	YER016W	YGR048W	BIM1	UFD1	0.218274162	0.777717337	NA
YER016W_YLR045C	YER016W	YLR045C	BIM1	STU2	0.218274162	0.519964703	NA
YER020W_YPL268W	YER020W	YPL268W	GPA2	PLC1	0.46110311	NA	NA
YER020W_YPR138C	YER020W	YPR138C	GPA2	MEP3	0.46110311	-0.057733896	-0.414927914
YER022W_YNL288W	YER022W	YNL288W	SRB4	CAF40	0.712706483	0.787684296	NA
YER023W_YER023W	YER023W	YER023W	PRO3	PRO3	0.424831729	0.424831729	0.316140774
YER023W_YGL137W	YER023W	YGL137W	PRO3	SEC27	0.424831729	0.467786153	-0.618708289
YER031C_YNL272C	YER031C	YNL272C	YPT31	SEC2	0.698309268	0.223166224	NA
YER032W_YHR114W	YER032W	YHR114W	FIR1	BZZ1	-0.222410895	0.419964517	NA
YER036C_YMR108W	YER036C	YMR108W	ARB1	ILV2	0.523519737	0.276145536	NA
YER040W_YNL229C	YER040W	YNL229C	GLN3	URE2	0.452945995	0.642881953	NA
YER045C_YGL122C	YER045C	YGL122C	ACA1	NAB2	NA	0.890973787	NA
YER048C_YOR181W	YER048C	YOR181W	CAJ1	LAS17	NA	0.135178981	NA
YER063W_YGL122C	YER063W	YGL122C	THO1	NAB2	0.455482126	0.890973787	NA
YER068W_YCR093W	YER068W	YCR093W	MOT2	CDC39	0.02102958	0.736186448	-0.492944018
YER068W_YDL160C	YER068W	YDL160C	MOT2	DHH1	0.02102958	0.644020755	-0.597386651
YER068W_YDL165W	YER068W	YDL165W	MOT2	CDC36	0.02102958	0.435711908	-0.384774505
YER068W_YER068W	YER068W	YER068W	MOT2	MOT2	0.02102958	0.02102958	-1.2684186
YER068W_YIL038C	YER068W	YIL038C	MOT2	NOT3	0.02102958	0.494370096	-0.185489634
YER068W_YML092C	YER068W	YML092C	MOT2	PRE8	0.02102958	0.937335472	NA
YER068W_YNL288W	YER068W	YNL288W	MOT2	CAF40	0.02102958	0.787684296	-0.287238612
YER068W_YNR052C	YER068W	YNR052C	MOT2	POP2	0.02102958	0.230618553	-0.114869338
YER068W_YPR072W	YER068W	YPR072W	MOT2	NOT5	0.02102958	0.314186187	-0.380573013
YER082C_YHR196W	YER082C	YHR196W	UTP7	UTP9	NA	0.77941806	NA
YER082C_YLL011W	YER082C	YLL011W	UTP7	SOF1	NA	0.531232864	0.582915185
YER082C_YPL012W	YER082C	YPL012W	UTP7	RRP12	NA	0.52140855	NA
YER090W_YGL137W	YER090W	YGL137W	TRP2	SEC27	0.287853643	0.467786153	-0.899453272
YER095W_YER095W	YER095W	YER095W	RAD51	RAD51	0.170623276	0.170623276	-4.806076199
YER099C_YKL181W	YER099C	YKL181W	PRS2	PRS1	0.64841005	0.177263749	0.24949096
YER111C_YLR182W	YER111C	YLR182W	SWI4	SWI6	0.389748248	0.207955401	NA
YER112W_YCR077C	YER112W	YCR077C	LSM4	PAT1	0.836821179	0.278788585	0.103197605
YER112W_YDL160C	YER112W	YDL160C	LSM4	DHH1	0.836821179	0.644020755	0.337379213
YER112W_YDR378C	YER112W	YDR378C	LSM4	LSM6	0.836821179	NA	2.422352112
YER112W_YER112W	YER112W	YER112W	LSM4	LSM4	0.836821179	0.836821179	0.12162267
YER112W_YJL110C	YER112W	YJL110C	LSM4	GZF3	0.836821179	0.10370535	NA
YER112W_YLR438C-A	YER112W	YLR438C-A	LSM4	LSM3	0.836821179	0.919337952	1.403972931
YER112W_YNL118C	YER112W	YNL118C	LSM4	DCP2	0.836821179	0.434967157	-0.255392963
YER112W_YNL255C	YER112W	YNL255C	LSM4	GIS2	0.836821179	0.743426143	-0.185207844
YER112W_YOR039W	YER112W	YOR039W	LSM4	CKB2	0.836821179	0.402596088	NA
YER112W_YOR204W	YER112W	YOR204W	LSM4	DED1	0.836821179	NA	NA
YER118C_YGL203C	YER118C	YGL203C	SHO1	KEX1	0.363301133	0.114677156	NA
YER118C_YOR181W	YER118C	YOR181W	SHO1	LAS17	0.363301133	0.135178981	NA
YER123W_YNL049C	YER123W	YNL049C	YCK3	SFB2	0.6328171	0.575238562	NA
YER126C_YGL029W	YER126C	YGL029W	NSA2	CGR1	0.279426727	0.62880262	0.927059324
YER126C_YLL008W	YER126C	YLL008W	NSA2	DRS1	0.279426727	NA	NA
YER126C_YPR016C	YER126C	YPR016C	NSA2	TIF6	0.279426727	0.290010849	NA
YER145C_YDR032C	YER145C	YDR032C	FTR1	PST2	0.91692728	1.580860278	0.420870911
YER145C_YLR326W	YER145C	YLR326W	FTR1	YLR326W	0.91692728	0.434537186	1.144997963
YER145C_YMR058W	YER145C	YMR058W	FTR1	FET3	0.91692728	0.719990647	1.013639117
YER157W_YER157W	YER157W	YER157W	COG3	COG3	0.236183771	0.236183771	-0.390162753
YER157W_YJL036W	YER157W	YJL036W	COG3	SNX4	0.236183771	0.559172425	NA
YER157W_YPR105C	YER157W	YPR105C	COG3	COG4	0.236183771	0.114716377	NA
YER159C_YDR397C	YER159C	YDR397C	BUR6	NCB2	0.586997627	0.438026398	2.113003282
YER159C_YGL122C	YER159C	YGL122C	BUR6	NAB2	0.586997627	0.890973787	NA
YER159C_YPL082C	YER159C	YPL082C	BUR6	MOT1	0.586997627	0.500934152	NA
YER167W_YPL204W	YER167W	YPL204W	BCK2	HRR25	0.260088666	0.387598535	NA
YER172C_YGL120C	YER172C	YGL120C	BRR2	PRP43	0.610154426	0.685673412	NA
YER172C_YJR022W	YER172C	YJR022W	BRR2	LSM8	0.610154426	0.370410037	NA
YER172C_YPL178W	YER172C	YPL178W	BRR2	CBC2	0.610154426	0.625496576	NA
YER174C_YJL164C	YER174C	YJL164C	GRX4	TPK1	-0.026012775	0.182100269	NA
YFL005W_YNL272C	YFL005W	YNL272C	SEC4	SEC2	NA	0.223166224	NA
YFL005W_YNR049C	YFL005W	YNR049C	SEC4	MSO1	NA	0.687323382	NA
YFL005W_YOR326W	YFL005W	YOR326W	SEC4	MYO2	NA	0.256818988	NA
YFL005W_YOR370C	YFL005W	YOR370C	SEC4	MRS6	NA	0.519928511	NA
YFL005W_YPR017C	YFL005W	YPR017C	SEC4	DSS4	NA	0.192641459	NA
YFL005W_YPR032W	YFL005W	YPR032W	SEC4	SRO7	NA	0.596332213	NA
YFL007W_YML092C	YFL007W	YML092C	BLM10	PRE8	0.650933479	0.937335472	NA
YFL007W_YOR362C	YFL007W	YOR362C	BLM10	PRE10	0.650933479	1.228401095	NA
YFL010C_YML051W	YFL010C	YML051W	WWM1	GAL80	0.736231055	0.278664718	NA
YFL010C_YNL274C	YFL010C	YNL274C	WWM1	GOR1	0.736231055	1.263941016	NA
YFL021W_YNL229C	YFL021W	YNL229C	GAT1	URE2	0.004882676	0.642881953	NA
YFL038C_YGL122C	YFL038C	YGL122C	YPT1	NAB2	NA	0.890973787	NA
YFL038C_YOR370C	YFL038C	YOR370C	YPT1	MRS6	NA	0.519928511	-0.087936303
YFL038C_YPL246C	YFL038C	YPL246C	YPT1	RBD2	NA	0.186792263	-0.575297484
YFL041W_YBR207W	YFL041W	YBR207W	FET5	FTH1	0.767816543	0.491203186	0.385730795
YFR001W_YNL308C	YFR001W	YNL308C	LOC1	KRI1	0.289715438	0.359571654	NA
YFR001W_YOL077C	YFR001W	YOL077C	LOC1	BRX1	0.289715438	0.641755909	0.659664287
YFR001W_YOR206W	YFR001W	YOR206W	LOC1	NOC2	0.289715438	0.782673369	-0.018957356
YFR001W_YPR143W	YFR001W	YPR143W	LOC1	RRP15	0.289715438	0.452533974	NA
YFR002W_YGL172W	YFR002W	YGL172W	NIC96	NUP49	NA	NA	NA
YFR002W_YMR153W	YFR002W	YMR153W	NIC96	NUP53	NA	0.476348423	NA
YFR003C_YKL193C	YFR003C	YKL193C	YPI1	SDS22	NA	0.62841861	-0.045434356
YFR003C_YML016C	YFR003C	YML016C	YPI1	PPZ1	NA	0.802798042	NA
YFR010W_YHR027C	YFR010W	YHR027C	UBP6	RPN1	0.167654895	0.960583188	NA
YFR010W_YKL145W	YFR010W	YKL145W	UBP6	RPT1	0.167654895	0.774758569	NA
YFR010W_YOR117W	YFR010W	YOR117W	UBP6	RPT5	0.167654895	NA	NA
YFR010W_YOR261C	YFR010W	YOR261C	UBP6	RPN8	0.167654895	0.786388877	NA
YFR014C_YGR159C	YFR014C	YGR159C	CMK1	NSR1	0.36597821	0.679868048	NA
YFR014C_YPL203W	YFR014C	YPL203W	CMK1	TPK2	0.36597821	0.809913813	NA
YFR015C_YLR258W	YFR015C	YLR258W	GSY1	GSY2	0.625708008	0.676182462	0.665001039
YFR021W_YLR191W	YFR021W	YLR191W	ATG18	PEX13	0.724795245	0.625853733	NA
YFR024C-A_YFR024C-A	YFR024C-A	YFR024C-A	LSB3	LSB3	0.745341492	0.745341492	0.048799673
YFR024C-A_YHR016C	YFR024C-A	YHR016C	LSB3	YSC84	0.745341492	NA	-0.219770051
YFR024C-A_YLR144C	YFR024C-A	YLR144C	LSB3	ACF2	0.745341492	1.008398834	NA
YFR024C-A_YLR206W	YFR024C-A	YLR206W	LSB3	ENT2	0.745341492	0.679527715	NA
YFR024C-A_YMR192W	YFR024C-A	YMR192W	LSB3	GYL1	0.745341492	1.011364459	NA
YFR024C-A_YMR253C	YFR024C-A	YMR253C	LSB3	YMR253C	0.745341492	0.639024793	NA
YFR024C-A_YNR031C	YFR024C-A	YNR031C	LSB3	SSK2	0.745341492	0.424293221	NA
YFR024C-A_YOR042W	YFR024C-A	YOR042W	LSB3	CUE5	0.745341492	0.769021764	-0.112592529
YFR024C-A_YOR181W	YFR024C-A	YOR181W	LSB3	LAS17	0.745341492	0.135178981	NA
YFR028C_YJL076W	YFR028C	YJL076W	CDC14	NET1	0.602527198	0.300790408	NA
YFR028C_YLR079W	YFR028C	YLR079W	CDC14	SIC1	0.602527198	0.402209128	NA
YFR028C_YMR176W	YFR028C	YMR176W	CDC14	ECM5	0.602527198	0.161493032	NA
YFR031C_YNL031C	YFR031C	YNL031C	SMC2	HHT2	0.2610896	0.354156414	NA
YFR040W_YGL122C	YFR040W	YGL122C	SAP155	NAB2	0.88089023	0.890973787	NA
YFR040W_YMR120C	YFR040W	YMR120C	SAP155	ADE17	0.88089023	0.249105517	0.256898076
YFR040W_YPR040W	YFR040W	YPR040W	SAP155	TIP41	0.88089023	0.827746656	NA
YGL001C_YHR007C	YGL001C	YHR007C	ERG26	ERG11	0.259177422	-0.16869028	-1.016707471
YGL002W_YML012W	YGL002W	YML012W	ERP6	ERV25	NA	0.339932899	0.369479358
YGL002W_YNL084C	YGL002W	YNL084C	ERP6	END3	NA	0.603991295	NA
YGL011C_YHR027C	YGL011C	YHR027C	SCL1	RPN1	1.014429333	0.960583188	NA
YGL011C_YML092C	YGL011C	YML092C	SCL1	PRE8	1.014429333	0.937335472	0.01373526
YGL011C_YOR362C	YGL011C	YOR362C	SCL1	PRE10	1.014429333	1.228401095	0.043924976
YGL012W_YMR015C	YGL012W	YMR015C	ERG4	ERG5	0.099990009	-1.094000879	NA
YGL019W_YIL035C	YGL019W	YIL035C	CKB1	CKA1	0.34890737	0.452856662	-0.297447168
YGL019W_YMR172W	YGL019W	YMR172W	CKB1	HOT1	0.34890737	0.472889534	NA
YGL019W_YOR039W	YGL019W	YOR039W	CKB1	CKB2	0.34890737	0.402596088	-0.367179986
YGL019W_YOR061W	YGL019W	YOR061W	CKB1	CKA2	0.34890737	0.961068283	-1.243774646
YGL025C_YOR117W	YGL025C	YOR117W	PGD1	RPT5	0.340747577	NA	NA
YGL040C_YGL040C	YGL040C	YGL040C	HEM2	HEM2	0.172010144	0.172010144	-2.259927136
YGL048C_YDR394W	YGL048C	YDR394W	RPT6	RPT3	1.136406876	0.490235857	NA
YGL048C_YKL145W	YGL048C	YKL145W	RPT6	RPT1	1.136406876	0.774758569	NA
YGL048C_YOR117W	YGL048C	YOR117W	RPT6	RPT5	1.136406876	NA	NA
YGL048C_YOR259C	YGL048C	YOR259C	RPT6	RPT4	1.136406876	0.419294619	NA
YGL049C_YIR001C	YGL049C	YIR001C	TIF4632	SGN1	0.737523407	0.333926493	NA
YGL049C_YJR076C	YGL049C	YJR076C	TIF4632	CDC11	0.737523407	0.865223892	NA
YGL051W_YHR135C	YGL051W	YHR135C	MST27	YCK1	NA	0.227420772	NA
YGL055W_YGL055W	YGL055W	YGL055W	OLE1	OLE1	0.678654964	0.678654964	0.028746313
YGL061C_YKR048C	YGL061C	YKR048C	DUO1	NAP1	-0.056952022	0.92354636	NA
YGL077C_YPR156C	YGL077C	YPR156C	HNM1	TPO3	0.188055172	0.67406	0.395999254
YGL078C_YDL208W	YGL078C	YDL208W	DBP3	NHP2	0.52135976	0.389142035	0.095078181
YGL078C_YGL078C	YGL078C	YGL078C	DBP3	DBP3	0.52135976	0.52135976	NA
YGL078C_YHR072W-A	YGL078C	YHR072W-A	DBP3	NOP10	0.52135976	0.678012669	-0.358473358
YGL086W_YJL034W	YGL086W	YJL034W	MAD1	KAR2	0.159218799	0.323126221	NA
YGL087C_YDR092W	YGL087C	YDR092W	MMS2	UBC13	1.246433899	0.646488085	0.622185912
YGL087C_YLR025W	YGL087C	YLR025W	MMS2	SNF7	1.246433899	NA	NA
YGL087C_YMR140W	YGL087C	YMR140W	MMS2	SIP5	1.246433899	0.360774366	-1.353903587
YGL092W_YGL092W	YGL092W	YGL092W	NUP145	NUP145	0.521190954	0.521190954	NA
YGL092W_YGL100W	YGL092W	YGL100W	NUP145	SEH1	0.521190954	NA	NA
YGL092W_YJR042W	YGL092W	YJR042W	NUP145	NUP85	0.521190954	0.216420698	-0.256498817
YGL092W_YKR082W	YGL092W	YKR082W	NUP145	NUP133	0.521190954	1.000590694	NA
YGL092W_YOR098C	YGL092W	YOR098C	NUP145	NUP1	0.521190954	0.324860019	NA
YGL099W_YBR267W	YGL099W	YBR267W	LSG1	REI1	0.542148834	0.971047342	NA
YGL099W_YGL120C	YGL099W	YGL120C	LSG1	PRP43	0.542148834	0.685673412	NA
YGL099W_YIR026C	YGL099W	YIR026C	LSG1	YVH1	0.542148834	0.436980373	0.373426211
YGL099W_YPR016C	YGL099W	YPR016C	LSG1	TIF6	0.542148834	0.290010849	0.199511454
YGL112C_YML007W	YGL112C	YML007W	TAF6	YAP1	0.587364783	0.593220249	NA
YGL120C_YDL208W	YGL120C	YDL208W	PRP43	NHP2	0.685673412	0.389142035	0.212414626
YGL120C_YGR159C	YGL120C	YGR159C	PRP43	NSR1	0.685673412	0.679868048	NA
YGL120C_YGR280C	YGL120C	YGR280C	PRP43	PXR1	0.685673412	0.474298219	NA
YGL120C_YJL109C	YGL120C	YJL109C	PRP43	UTP10	0.685673412	0.473443234	NA
YGL120C_YKL173W	YGL120C	YKL173W	PRP43	SNU114	0.685673412	0.65461655	NA
YGL120C_YKR092C	YGL120C	YKR092C	PRP43	SRP40	0.685673412	0.881946091	NA
YGL120C_YNL113W	YGL120C	YNL113W	PRP43	RPC19	0.685673412	0.819375252	NA
YGL122C_YGL122C	YGL122C	YGL122C	NAB2	NAB2	0.890973787	0.890973787	NA
YGL122C_YGR044C	YGL122C	YGR044C	NAB2	RME1	0.890973787	0.284024344	NA
YGL122C_YGR101W	YGL122C	YGR101W	NAB2	PCP1	0.890973787	0.253422069	NA
YGL122C_YGR121C	YGL122C	YGR121C	NAB2	MEP1	0.890973787	0.121701114	NA
YGL122C_YGR201C	YGL122C	YGR201C	NAB2	YGR201C	0.890973787	NA	NA
YGL122C_YGR244C	YGL122C	YGR244C	NAB2	LSC2	0.890973787	0.537112493	NA
YGL122C_YHR106W	YGL122C	YHR106W	NAB2	TRR2	0.890973787	0.569238402	NA
YGL122C_YIL070C	YGL122C	YIL070C	NAB2	MAM33	0.890973787	0.55702754	NA
YGL122C_YIL138C	YGL122C	YIL138C	NAB2	TPM2	0.890973787	0.586293066	NA
YGL122C_YIR037W	YGL122C	YIR037W	NAB2	HYR1	0.890973787	1.771931507	NA
YGL122C_YJL058C	YGL122C	YJL058C	NAB2	BIT61	0.890973787	0.401680267	NA
YGL122C_YJL154C	YGL122C	YJL154C	NAB2	VPS35	0.890973787	0.63943227	NA
YGL122C_YJR118C	YGL122C	YJR118C	NAB2	ILM1	0.890973787	0.214371995	NA
YGL122C_YKL002W	YGL122C	YKL002W	NAB2	DID4	0.890973787	0.609017135	NA
YGL122C_YKL087C	YGL122C	YKL087C	NAB2	CYT2	0.890973787	NA	NA
YGL122C_YKL190W	YGL122C	YKL190W	NAB2	CNB1	0.890973787	0.902719465	NA
YGL122C_YKL205W	YGL122C	YKL205W	NAB2	LOS1	0.890973787	0.542753937	NA
YGL122C_YKL214C	YGL122C	YKL214C	NAB2	YRA2	0.890973787	0.686526272	NA
YGL122C_YKR007W	YGL122C	YKR007W	NAB2	MEH1	0.890973787	0.949725169	NA
YGL122C_YLL060C	YGL122C	YLL060C	NAB2	GTT2	0.890973787	2.045517149	NA
YGL122C_YLR035C	YGL122C	YLR035C	NAB2	MLH2	0.890973787	0.33701508	NA
YGL122C_YLR160C	YGL122C	YLR160C	NAB2	ASP3-4	0.890973787	NA	NA
YGL122C_YLR324W	YGL122C	YLR324W	NAB2	PEX30	0.890973787	0.585560235	NA
YGL122C_YMR004W	YGL122C	YMR004W	NAB2	MVP1	0.890973787	1.001970807	NA
YGL122C_YMR169C	YGL122C	YMR169C	NAB2	ALD3	0.890973787	0.344743562	NA
YGL122C_YNL031C	YGL122C	YNL031C	NAB2	HHT2	0.890973787	0.354156414	NA
YGL122C_YNL042W	YGL122C	YNL042W	NAB2	BOP3	0.890973787	0.069868833	NA
YGL122C_YNR049C	YGL122C	YNR049C	NAB2	MSO1	0.890973787	0.687323382	NA
YGL122C_YNR052C	YGL122C	YNR052C	NAB2	POP2	0.890973787	0.230618553	NA
YGL122C_YOL012C	YGL122C	YOL012C	NAB2	HTZ1	0.890973787	0.299720694	NA
YGL122C_YOR163W	YGL122C	YOR163W	NAB2	DDP1	0.890973787	0.756102391	NA
YGL122C_YOR270C	YGL122C	YOR270C	NAB2	VPH1	0.890973787	0.587883105	NA
YGL122C_YPL040C	YGL122C	YPL040C	NAB2	ISM1	0.890973787	0.50250404	NA
YGL122C_YPL101W	YGL122C	YPL101W	NAB2	ELP4	0.890973787	NA	NA
YGL122C_YPL156C	YGL122C	YPL156C	NAB2	PRM4	0.890973787	NA	NA
YGL122C_YPL190C	YGL122C	YPL190C	NAB2	NAB3	0.890973787	0.105450566	NA
YGL122C_YPR017C	YGL122C	YPR017C	NAB2	DSS4	0.890973787	0.192641459	NA
YGL122C_YPR176C	YGL122C	YPR176C	NAB2	BET2	0.890973787	NA	NA
YGL122C_YPR179C	YGL122C	YPR179C	NAB2	HDA3	0.890973787	0.238108397	NA
YGL122C_YPR184W	YGL122C	YPR184W	NAB2	GDB1	0.890973787	0.225277724	NA
YGL133W_YPL082C	YGL133W	YPL082C	ITC1	MOT1	0.626545772	0.500934152	NA
YGL151W_YML007W	YGL151W	YML007W	NUT1	YAP1	0.607941474	0.593220249	NA
YGL153W_YDL065C	YGL153W	YDL065C	PEX14	PEX19	0.417955596	0.700993514	-0.548720337
YGL153W_YGL153W	YGL153W	YGL153W	PEX14	PEX14	0.417955596	0.417955596	-0.100447855
YGL153W_YIR034C	YGL153W	YIR034C	PEX14	LYS1	0.417955596	0.69091055	NA
YGL153W_YNL214W	YGL153W	YNL214W	PEX14	PEX17	0.417955596	0.549934456	0.231909721
YGL153W_YNL329C	YGL153W	YNL329C	PEX14	PEX6	0.417955596	0.484063907	NA
YGL153W_YOL147C	YGL153W	YOL147C	PEX14	PEX11	0.417955596	0.340416759	-0.283876113
YGL172W_YFR002W	YGL172W	YFR002W	NUP49	NIC96	NA	NA	0.486430717
YGL172W_YGL172W	YGL172W	YGL172W	NUP49	NUP49	NA	NA	-0.50627982
YGL172W_YNL031C	YGL172W	YNL031C	NUP49	HHT2	NA	0.354156414	NA
YGL172W_YNL041C	YGL172W	YNL041C	NUP49	COG6	NA	0.46171094	NA
YGL178W_YKL054C	YGL178W	YKL054C	MPT5	DEF1	0.745368073	0.195793887	NA
YGL178W_YNR052C	YGL178W	YNR052C	MPT5	POP2	0.745368073	0.230618553	NA
YGL181W_YOR094W	YGL181W	YOR094W	GTS1	ARF3	0.279697753	0.550828917	NA
YGL195W_YDR152W	YGL195W	YDR152W	GCN1	GIR2	0.403734816	0.478319033	0.117957957
YGL195W_YNR051C	YGL195W	YNR051C	GCN1	BRE5	0.403734816	0.223219414	NA
YGL195W_YOR326W	YGL195W	YOR326W	GCN1	MYO2	0.403734816	0.256818988	NA
YGL203C_YAL053W	YGL203C	YAL053W	KEX1	FLC2	0.114677156	0.322990613	-0.863672154
YGL203C_YBR023C	YGL203C	YBR023C	KEX1	CHS3	0.114677156	0.216679419	0.170888571
YGL203C_YJL053W	YGL203C	YJL053W	KEX1	PEP8	0.114677156	0.845984331	NA
YGL211W_YJR017C	YGL211W	YJR017C	NCS6	ESS1	0.471785287	0.469402925	NA
YGL211W_YNL255C	YGL211W	YNL255C	NCS6	GIS2	0.471785287	0.743426143	NA
YGL212W_YMR231W	YGL212W	YMR231W	VAM7	PEP5	0.970468848	0.600790304	-0.544809601
YGL213C_YOR294W	YGL213C	YOR294W	SKI8	RRS1	0.455131598	NA	NA
YGR005C_YOL005C	YGR005C	YOL005C	TFG2	RPB11	NA	0.392973858	NA
YGR005C_YPR187W	YGR005C	YPR187W	TFG2	RPO26	NA	0.636544373	NA
YGR020C_YEL051W	YGR020C	YEL051W	VMA7	VMA8	0.334854352	0.527254845	0.245837004
YGR020C_YLR447C	YGR020C	YLR447C	VMA7	VMA6	0.334854352	-0.151090462	0.440428547
YGR020C_YOR270C	YGR020C	YOR270C	VMA7	VPH1	0.334854352	0.587883105	0.339586348
YGR020C_YPR036W	YGR020C	YPR036W	VMA7	VMA13	0.334854352	0.353816108	0.139010169
YGR048W_YIL144W	YGR048W	YIL144W	UFD1	TID3	0.777717337	0.285375388	NA
YGR048W_YML013W	YGR048W	YML013W	UFD1	UBX2	0.777717337	0.366020267	-0.563734689
YGR054W_YGR054W	YGR054W	YGR054W	YGR054W	YGR054W	NA	NA	-0.030838486
YGR054W_YOR204W	YGR054W	YOR204W	YGR054W	DED1	NA	NA	0.922377872
YGR060W_YHR007C	YGR060W	YHR007C	ERG25	ERG11	-0.36264789	-0.16869028	NA
YGR060W_YLR056W	YGR060W	YLR056W	ERG25	ERG3	-0.36264789	-0.209232532	NA
YGR060W_YML016C	YGR060W	YML016C	ERG25	PPZ1	-0.36264789	0.802798042	NA
YGR060W_YMR015C	YGR060W	YMR015C	ERG25	ERG5	-0.36264789	-1.094000879	NA
YGR078C_YLR200W	YGR078C	YLR200W	PAC10	YKE2	0.723522347	0.5347631	0.93335638
YGR078C_YML094W	YGR078C	YML094W	PAC10	GIM5	0.723522347	0.696993562	0.076142651
YGR078C_YNL153C	YGR078C	YNL153C	PAC10	GIM3	0.723522347	0.423421544	NA
YGR080W_YNL110C	YGR080W	YNL110C	TWF1	NOP15	0.556934417	0.880663271	NA
YGR080W_YNL138W	YGR080W	YNL138W	TWF1	SRV2	0.556934417	0.476724603	0.547572339
YGR103W_YNL002C	YGR103W	YNL002C	NOP7	RLP7	0.396058511	NA	NA
YGR103W_YNR053C	YGR103W	YNR053C	NOP7	NOG2	0.396058511	0.424005323	NA
YGR103W_YOR206W	YGR103W	YOR206W	NOP7	NOC2	0.396058511	0.782673369	1.027314141
YGR103W_YPL043W	YGR103W	YPL043W	NOP7	NOP4	0.396058511	0.417997029	NA
YGR103W_YPR016C	YGR103W	YPR016C	NOP7	TIF6	0.396058511	0.290010849	NA
YGR104C_YPR187W	YGR104C	YPR187W	SRB5	RPO26	0.275587547	0.636544373	NA
YGR105W_YGR105W	YGR105W	YGR105W	VMA21	VMA21	0.344368608	0.344368608	1.279457539
YGR105W_YGR106C	YGR105W	YGR106C	VMA21	VOA1	0.344368608	0.55685021	0.470851954
YGR105W_YLR447C	YGR105W	YLR447C	VMA21	VMA6	0.344368608	-0.151090462	-0.217191359
YGR105W_YOR270C	YGR105W	YOR270C	VMA21	VPH1	0.344368608	0.587883105	0.538126875
YGR119C_YGL172W	YGR119C	YGL172W	NUP57	NUP49	0.155425897	NA	0.347565785
YGR119C_YIL038C	YGR119C	YIL038C	NUP57	NOT3	0.155425897	0.494370096	NA
YGR128C_YDR324C	YGR128C	YDR324C	UTP8	UTP4	0.733736304	0.758581856	0.063331676
YGR128C_YDR398W	YGR128C	YDR398W	UTP8	UTP5	0.733736304	0.444076327	0.017372096
YGR128C_YHR196W	YGR128C	YHR196W	UTP8	UTP9	0.733736304	0.77941806	-0.269251606
YGR128C_YMR093W	YGR128C	YMR093W	UTP8	UTP15	0.733736304	0.639105069	-0.418404423
YGR128C_YPL012W	YGR128C	YPL012W	UTP8	RRP12	0.733736304	0.52140855	NA
YGR133W_YOL147C	YGR133W	YOL147C	PEX4	PEX11	0.212592498	0.340416759	-1.050905943
YGR136W_YOR181W	YGR136W	YOR181W	LSB1	LAS17	1.224051408	0.135178981	NA
YGR159C_YNL154C	YGR159C	YNL154C	NSR1	YCK2	0.679868048	0.424434963	NA
YGR163W_YKR007W	YGR163W	YKR007W	GTR2	MEH1	0.930851374	0.949725169	0.428720349
YGR193C_YGR193C	YGR193C	YGR193C	PDX1	PDX1	0.657497844	0.657497844	NA
YGR200C_YNL298W	YGR200C	YNL298W	ELP2	CLA4	0.110874527	0.423245011	NA
YGR202C_YHR007C	YGR202C	YHR007C	PCT1	ERG11	0.303493615	-0.16869028	NA
YGR232W_YDR394W	YGR232W	YDR394W	NAS6	RPT3	0.545371076	0.490235857	1.074176748
YGR234W_YOR117W	YGR234W	YOR117W	YHB1	RPT5	3.941334701	NA	NA
YGR238C_YHR158C	YGR238C	YHR158C	KEL2	KEL1	0.318142895	0.242747225	-0.344412398
YGR250C_YIR001C	YGR250C	YIR001C	YGR250C	SGN1	1.415324065	0.333926493	0.038692097
YGR261C_YGR261C	YGR261C	YGR261C	APL6	APL6	0.502090176	0.502090176	-0.161163766
YGR261C_YNL110C	YGR261C	YNL110C	APL6	NOP15	0.502090176	0.880663271	NA
YGR261C_YNL255C	YGR261C	YNL255C	APL6	GIS2	0.502090176	0.743426143	NA
YGR261C_YPL195W	YGR261C	YPL195W	APL6	APL5	0.502090176	0.266741939	0.254287371
YGR268C_YHL002W	YGR268C	YHL002W	HUA1	HSE1	0.455570213	0.655357795	NA
YGR270W_YKR008W	YGR270W	YKR008W	YTA7	RSC4	0.468189062	NA	NA
YGR270W_YKR010C	YGR270W	YKR010C	YTA7	TOF2	0.468189062	0.405219007	NA
YGR270W_YOR061W	YGR270W	YOR061W	YTA7	CKA2	0.468189062	0.961068283	NA
YGR271W_YKR023W	YGR271W	YKR023W	SLH1	YKR023W	0.66109264	0.445437091	-0.728022426
YGR277C_YNL255C	YGR277C	YNL255C	CAB4	GIS2	0.636630013	0.743426143	NA
YGR277C_YPL145C	YGR277C	YPL145C	CAB4	KES1	0.636630013	0.547886938	-0.153535828
YGR280C_YGL120C	YGR280C	YGL120C	PXR1	PRP43	0.474298219	0.685673412	NA
YGR281W_YOR270C	YGR281W	YOR270C	YOR1	VPH1	0.68813933	0.587883105	NA
YGR284C_YAR002C-A	YGR284C	YAR002C-A	ERV29	ERP1	1.198068487	0.546729174	0.648406863
YGR284C_YML016C	YGR284C	YML016C	ERV29	PPZ1	1.198068487	0.802798042	0.270573943
YGR286C_YMR070W	YGR286C	YMR070W	BIO2	MOT3	0.449491682	0.070587333	NA
YHL002W_YNR006W	YHL002W	YNR006W	HSE1	VPS27	0.655357795	0.587124763	-0.541075336
YHL007C_YLR353W	YHL007C	YLR353W	STE20	BUD8	0.557536747	0.274408272	NA
YHL007C_YLR362W	YHL007C	YLR362W	STE20	STE11	0.557536747	0.912324221	NA
YHL007C_YPR119W	YHL007C	YPR119W	STE20	CLB2	0.557536747	0.220688682	NA
YHL009C_YKL101W	YHL009C	YKL101W	YAP3	HSL1	0.278266823	0.16712052	NA
YHL029C_YCR095C	YHL029C	YCR095C	OCA5	OCA4	0.46397474	0.394745871	-0.137726962
YHL029C_YDR067C	YHL029C	YDR067C	OCA5	OCA6	0.46397474	0.108590805	-0.73814838
YHR001W_YLR332W	YHR001W	YLR332W	OSH7	MID2	NA	0.685387846	0.383668946
YHR012W_YJL154C	YHR012W	YJL154C	VPS29	VPS35	0.208714016	0.63943227	0.495459494
YHR012W_YNL255C	YHR012W	YNL255C	VPS29	GIS2	0.208714016	0.743426143	NA
YHR012W_YOR069W	YHR012W	YOR069W	VPS29	VPS5	0.208714016	0.556890436	-1.116022931
YHR012W_YOR132W	YHR012W	YOR132W	VPS29	VPS17	0.208714016	0.369156711	-1.02648095
YHR016C_YFR024C-A	YHR016C	YFR024C-A	YSC84	LSB3	NA	0.745341492	0.142884943
YHR016C_YHR016C	YHR016C	YHR016C	YSC84	YSC84	NA	NA	-0.650703945
YHR016C_YLR206W	YHR016C	YLR206W	YSC84	ENT2	NA	0.679527715	NA
YHR016C_YMR192W	YHR016C	YMR192W	YSC84	GYL1	NA	1.011364459	NA
YHR016C_YOR042W	YHR016C	YOR042W	YSC84	CUE5	NA	0.769021764	-0.186679012
YHR016C_YOR181W	YHR016C	YOR181W	YSC84	LAS17	NA	0.135178981	NA
YHR027C_YHR027C	YHR027C	YHR027C	RPN1	RPN1	0.960583188	0.960583188	NA
YHR027C_YKL120W	YHR027C	YKL120W	RPN1	OAC1	0.960583188	0.306051003	NA
YHR027C_YKL145W	YHR027C	YKL145W	RPN1	RPT1	0.960583188	0.774758569	0.49257872
YHR027C_YMR012W	YHR027C	YMR012W	RPN1	CLU1	0.960583188	0.542100592	NA
YHR027C_YOR117W	YHR027C	YOR117W	RPN1	RPT5	0.960583188	NA	1.264064129
YHR027C_YOR185C	YHR027C	YOR185C	RPN1	GSP2	0.960583188	1.088704659	NA
YHR027C_YOR261C	YHR027C	YOR261C	RPN1	RPN8	0.960583188	0.786388877	NA
YHR027C_YOR341W	YHR027C	YOR341W	RPN1	RPA190	0.960583188	0.042092391	NA
YHR027C_YOR362C	YHR027C	YOR362C	RPN1	PRE10	0.960583188	1.228401095	NA
YHR034C_YDR190C	YHR034C	YDR190C	PIH1	RVB1	0.228567545	0.573928737	-0.883467995
YHR052W_YKL145W	YHR052W	YKL145W	CIC1	RPT1	0.81905862	0.774758569	NA
YHR052W_YKL172W	YHR052W	YKL172W	CIC1	EBP2	0.81905862	NA	NA
YHR052W_YLL008W	YHR052W	YLL008W	CIC1	DRS1	0.81905862	NA	NA
YHR052W_YLL034C	YHR052W	YLL034C	CIC1	RIX7	0.81905862	0.386536293	NA
YHR052W_YLR196W	YHR052W	YLR196W	CIC1	PWP1	0.81905862	0.765763874	1.182990689
YHR052W_YMR229C	YHR052W	YMR229C	CIC1	RRP5	0.81905862	0.547479938	NA
YHR052W_YNL002C	YHR052W	YNL002C	CIC1	RLP7	0.81905862	NA	1.412051556
YHR052W_YNL112W	YHR052W	YNL112W	CIC1	DBP2	0.81905862	0.596534211	NA
YHR052W_YOR206W	YHR052W	YOR206W	CIC1	NOC2	0.81905862	0.782673369	0.627865065
YHR052W_YPL012W	YHR052W	YPL012W	CIC1	RRP12	0.81905862	0.52140855	NA
YHR052W_YPL043W	YHR052W	YPL043W	CIC1	NOP4	0.81905862	0.417997029	NA
YHR052W_YPR016C	YHR052W	YPR016C	CIC1	TIF6	0.81905862	0.290010849	NA
YHR059W_YIL070C	YHR059W	YIL070C	FYV4	MAM33	0.24550331	0.55702754	NA
YHR063C_YHR063C	YHR063C	YHR063C	PAN5	PAN5	0.503149712	0.503149712	0.034943326
YHR069C_YGR195W	YHR069C	YGR195W	RRP4	SKI6	0.779846233	0.355088655	1.145922011
YHR072W_YBR041W	YHR072W	YBR041W	ERG7	FAT1	0.082995672	0.364221478	0.114446915
YHR074W_YHR074W	YHR074W	YHR074W	QNS1	QNS1	0.438862919	0.438862919	-0.082596783
YHR083W_YML086C	YHR083W	YML086C	SAM35	ALO1	0.334315415	0.534484646	-0.033285642
YHR084W_YPL049C	YHR084W	YPL049C	STE12	DIG1	0.334227761	0.281347193	NA
YHR089C_YDL208W	YHR089C	YDL208W	GAR1	NHP2	0.423832492	0.389142035	-0.074739969
YHR089C_YGL078C	YHR089C	YGL078C	GAR1	DBP3	0.423832492	0.52135976	-0.012843631
YHR089C_YGL120C	YHR089C	YGL120C	GAR1	PRP43	0.423832492	0.685673412	0.582008296
YHR089C_YHR072W-A	YHR089C	YHR072W-A	GAR1	NOP10	0.423832492	0.678012669	0.113362882
YHR089C_YHR089C	YHR089C	YHR089C	GAR1	GAR1	0.423832492	0.423832492	-0.098720802
YHR089C_YMR290C	YHR089C	YMR290C	GAR1	HAS1	0.423832492	NA	1.694567319
YHR089C_YNL255C	YHR089C	YNL255C	GAR1	GIS2	0.423832492	0.743426143	0.152910714
YHR091C_YOL088C	YHR091C	YOL088C	MSR1	MPD2	NA	0.02581691	NA
YHR098C_YDR517W	YHR098C	YDR517W	SFB3	GRH1	0.323437541	0.895345584	0.328553217
YHR110W_YML012W	YHR110W	YML012W	ERP5	ERV25	0.36987977	0.339932899	0.295319937
YHR114W_YMR109W	YHR114W	YMR109W	BZZ1	MYO5	0.419964517	0.456482294	NA
YHR114W_YOR181W	YHR114W	YOR181W	BZZ1	LAS17	0.419964517	0.135178981	NA
YHR118C_YHR121W	YHR118C	YHR121W	ORC6	LSM12	0.63757919	0.423849159	NA
YHR118C_YOR294W	YHR118C	YOR294W	ORC6	RRS1	0.63757919	NA	NA
YHR121W_YGR178C	YHR121W	YGR178C	LSM12	PBP1	0.423849159	0.942294348	0.914395898
YHR121W_YJL044C	YHR121W	YJL044C	LSM12	GYP6	0.423849159	-0.070646922	NA
YHR121W_YNL255C	YHR121W	YNL255C	LSM12	GIS2	0.423849159	0.743426143	NA
YHR121W_YPR173C	YHR121W	YPR173C	LSM12	VPS4	0.423849159	0.29787876	NA
YHR122W_YIL128W	YHR122W	YIL128W	CIA2	MET18	0.355136552	0.294429335	-0.19194069
YHR123W_YPL094C	YHR123W	YPL094C	EPT1	SEC62	0.298825566	0.293885433	NA
YHR135C_YDR264C	YHR135C	YDR264C	YCK1	AKR1	0.227420772	0.574685416	0.0510382
YHR135C_YKR048C	YHR135C	YKR048C	YCK1	NAP1	0.227420772	0.92354636	NA
YHR135C_YLL008W	YHR135C	YLL008W	YCK1	DRS1	0.227420772	NA	NA
YHR135C_YNL167C	YHR135C	YNL167C	YCK1	SKO1	0.227420772	0.409123949	NA
YHR135C_YPL203W	YHR135C	YPL203W	YCK1	TPK2	0.227420772	0.809913813	NA
YHR135C_YPR121W	YHR135C	YPR121W	YCK1	THI22	0.227420772	NA	NA
YHR175W_YPL246C	YHR175W	YPL246C	CTR2	RBD2	0.494079263	0.186792263	0.08920247
YHR197W_YMR290C	YHR197W	YMR290C	RIX1	HAS1	0.525873596	NA	NA
YHR197W_YPL043W	YHR197W	YPL043W	RIX1	NOP4	0.525873596	0.417997029	NA
YHR206W_YLR433C	YHR206W	YLR433C	SKN7	CNA1	0.198594646	0.357474037	NA
YHR206W_YPR072W	YHR206W	YPR072W	SKN7	NOT5	0.198594646	0.314186187	NA
YIL009W_YPL058C	YIL009W	YPL058C	FAA3	PDR12	0.455209549	0.050046244	-1.639450179
YIL021W_YOL005C	YIL021W	YOL005C	RPB3	RPB11	0.677649084	0.392973858	0.216721018
YIL034C_YGR080W	YIL034C	YGR080W	CAP2	TWF1	0.885092427	0.556934417	NA
YIL034C_YIL034C	YIL034C	YIL034C	CAP2	CAP2	0.885092427	0.885092427	-0.12316754
YIL034C_YOR181W	YIL034C	YOR181W	CAP2	LAS17	0.885092427	0.135178981	NA
YIL035C_YGL019W	YIL035C	YGL019W	CKA1	CKB1	0.452856662	0.34890737	-0.454989761
YIL035C_YLR079W	YIL035C	YLR079W	CKA1	SIC1	0.452856662	0.402209128	NA
YIL035C_YMR290C	YIL035C	YMR290C	CKA1	HAS1	0.452856662	NA	NA
YIL045W_YLR258W	YIL045W	YLR258W	PIG2	GSY2	0.162430453	0.676182462	NA
YIL068C_YDR166C	YIL068C	YDR166C	SEC6	SEC5	0.4194432	0.357686385	-0.817856669
YIL068C_YIL068C	YIL068C	YIL068C	SEC6	SEC6	0.4194432	0.4194432	-0.106129505
YIL070C_YIL105C	YIL070C	YIL105C	MAM33	SLM1	0.55702754	0.737812311	-0.669764416
YIL070C_YOR326W	YIL070C	YOR326W	MAM33	MYO2	0.55702754	0.256818988	NA
YIL105C_YIL105C	YIL105C	YIL105C	SLM1	SLM1	0.737812311	0.737812311	-0.051058005
YIL105C_YMR068W	YIL105C	YMR068W	SLM1	AVO2	0.737812311	NA	NA
YIL109C_YDR517W	YIL109C	YDR517W	SEC24	GRH1	0.293116453	0.895345584	-0.072102864
YIL115C_YJL061W	YIL115C	YJL061W	NUP159	NUP82	0.345005072	0.250766335	-0.332362032
YIL115C_YMR047C	YIL115C	YMR047C	NUP159	NUP116	0.345005072	0.280806386	-0.039493652
YIL121W_YML072C	YIL121W	YML072C	QDR2	TCB3	0.107810498	0.210352647	0.043188319
YIL122W_YNL197C	YIL122W	YNL197C	POG1	WHI3	0.511345867	0.238653836	NA
YIL138C_YIL138C	YIL138C	YIL138C	TPM2	TPM2	0.586293066	0.586293066	0.165974854
YIL143C_YJL153C	YIL143C	YJL153C	SSL2	INO1	0.531643968	0.177741335	NA
YIL144W_YJL034W	YIL144W	YJL034W	TID3	KAR2	0.285375388	0.323126221	NA
YIR001C_YGR250C	YIR001C	YGR250C	SGN1	YGR250C	0.333926493	1.415324065	-0.182950813
YIR001C_YMR198W	YIR001C	YMR198W	SGN1	CIK1	0.333926493	0.234049009	NA
YIR001C_YNL016W	YIR001C	YNL016W	SGN1	PUB1	0.333926493	1.058661728	-0.22952661
YIR025W_YNL255C	YIR025W	YNL255C	MND2	GIS2	NA	0.743426143	NA
YIR026C_YBR267W	YIR026C	YBR267W	YVH1	REI1	0.436980373	0.971047342	0.687786792
YIR026C_YGL099W	YIR026C	YGL099W	YVH1	LSG1	0.436980373	0.542148834	-0.021662348
YJL005W_YJL005W	YJL005W	YJL005W	CYR1	CYR1	0.122578682	0.122578682	-0.596584272
YJL006C_YJR076C	YJL006C	YJR076C	CTK2	CDC11	NA	0.865223892	NA
YJL016W_YNL197C	YJL016W	YNL197C	YJL016W	WHI3	0.464809237	0.238653836	NA
YJL020C_YJL020C	YJL020C	YJL020C	BBC1	BBC1	NA	NA	-0.457113931
YJL020C_YMR109W	YJL020C	YMR109W	BBC1	MYO5	NA	0.456482294	-0.393510869
YJL020C_YOR181W	YJL020C	YOR181W	BBC1	LAS17	NA	0.135178981	NA
YJL036W_YKL079W	YJL036W	YKL079W	SNX4	SMY1	0.559172425	0.17977446	NA
YJL041W_YPR119W	YJL041W	YPR119W	NSP1	CLB2	0.684071952	0.220688682	NA
YJL044C_YLR150W	YJL044C	YLR150W	GYP6	STM1	-0.070646922	1.052214961	NA
YJL061W_YJL061W	YJL061W	YJL061W	NUP82	NUP82	0.250766335	0.250766335	0.189201379
YJL061W_YKL057C	YJL061W	YKL057C	NUP82	NUP120	0.250766335	NA	0.028407937
YJL061W_YMR047C	YJL061W	YMR047C	NUP82	NUP116	0.250766335	0.280806386	0.154865103
YJL069C_YDR324C	YJL069C	YDR324C	UTP18	UTP4	0.458950625	0.758581856	0.731692464
YJL085W_YNL031C	YJL085W	YNL031C	EXO70	HHT2	0.6375996	0.354156414	NA
YJL098W_YOR204W	YJL098W	YOR204W	SAP185	DED1	0.352855679	NA	NA
YJL109C_YDR324C	YJL109C	YDR324C	UTP10	UTP4	0.473443234	0.758581856	0.139207659
YJL110C_YOR073W	YJL110C	YOR073W	GZF3	SGO1	0.10370535	0.212248352	NA
YJL148W_YGL120C	YJL148W	YGL120C	RPA34	PRP43	0.573827642	0.685673412	NA
YJL148W_YJL148W	YJL148W	YJL148W	RPA34	RPA34	0.573827642	0.573827642	0.070960297
YJL148W_YMR269W	YJL148W	YMR269W	RPA34	TMA23	0.573827642	0.690848544	0.489672443
YJL148W_YNL113W	YJL148W	YNL113W	RPA34	RPC19	0.573827642	0.819375252	NA
YJL148W_YNL248C	YJL148W	YNL248C	RPA34	RPA49	0.573827642	0.817362383	NA
YJL148W_YOR340C	YJL148W	YOR340C	RPA34	RPA43	0.573827642	0.310678549	NA
YJL148W_YOR341W	YJL148W	YOR341W	RPA34	RPA190	0.573827642	0.042092391	NA
YJL148W_YPR010C	YJL148W	YPR010C	RPA34	RPA135	0.573827642	0.111052273	NA
YJL148W_YPR187W	YJL148W	YPR187W	RPA34	RPO26	0.573827642	0.636544373	NA
YJL151C_YCR043C	YJL151C	YCR043C	SNA3	YCR043C	0.762757292	0.14428266	-0.605257259
YJL151C_YFR024C-A	YJL151C	YFR024C-A	SNA3	LSB3	0.762757292	0.745341492	-0.387566815
YJL151C_YPL058C	YJL151C	YPL058C	SNA3	PDR12	0.762757292	0.050046244	-1.104525039
YJL153C_YMR120C	YJL153C	YMR120C	INO1	ADE17	0.177741335	0.249105517	0.672100346
YJL154C_YBL017C	YJL154C	YBL017C	VPS35	PEP1	0.63943227	0.235719403	-0.573003449
YJL154C_YJL154C	YJL154C	YJL154C	VPS35	VPS35	0.63943227	0.63943227	-0.286309694
YJL154C_YMR004W	YJL154C	YMR004W	VPS35	MVP1	0.63943227	1.001970807	-0.989046835
YJL154C_YOR069W	YJL154C	YOR069W	VPS35	VPS5	0.63943227	0.556890436	-0.077098274
YJL154C_YOR132W	YJL154C	YOR132W	VPS35	VPS17	0.63943227	0.369156711	-0.845189301
YJL154C_YOR272W	YJL154C	YOR272W	VPS35	YTM1	0.63943227	0.652136204	NA
YJL164C_YJL164C	YJL164C	YJL164C	TPK1	TPK1	0.182100269	0.182100269	-0.704592854
YJL164C_YKL062W	YJL164C	YKL062W	TPK1	MSN4	0.182100269	NA	NA
YJL164C_YKL079W	YJL164C	YKL079W	TPK1	SMY1	0.182100269	0.17977446	NA
YJL164C_YLR350W	YJL164C	YLR350W	TPK1	ORM2	0.182100269	1.158643491	NA
YJL168C_YOR362C	YJL168C	YOR362C	SET2	PRE10	0.518773323	1.228401095	NA
YJL178C_YPL246C	YJL178C	YPL246C	ATG27	RBD2	0.504496108	0.186792263	0.003280246
YJL179W_YML094W	YJL179W	YML094W	PFD1	GIM5	0.732254498	0.696993562	-0.568641368
YJL192C_YER056C	YJL192C	YER056C	SOP4	FCY2	0.555495647	-0.151168429	-0.364110817
YJL192C_YPL058C	YJL192C	YPL058C	SOP4	PDR12	0.555495647	0.050046244	-0.320833434
YJL194W_YNL197C	YJL194W	YNL197C	CDC6	WHI3	0.240655345	0.238653836	NA
YJR010C-A_YML067C	YJR010C-A	YML067C	SPC1	ERV41	0.917441301	0.381749225	0.075048321
YJR017C_YLR150W	YJR017C	YLR150W	ESS1	STM1	0.469402925	1.052214961	NA
YJR022W_YDR378C	YJR022W	YDR378C	LSM8	LSM6	0.370410037	NA	2.22253642
YJR022W_YNL329C	YJR022W	YNL329C	LSM8	PEX6	0.370410037	0.484063907	NA
YJR022W_YPR016C	YJR022W	YPR016C	LSM8	TIF6	0.370410037	0.290010849	NA
YJR022W_YPR191W	YJR022W	YPR191W	LSM8	QCR2	0.370410037	0.556285925	NA
YJR033C_YEL051W	YJR033C	YEL051W	RAV1	VMA8	0.731450685	0.527254845	-0.401105209
YJR042W_YGL092W	YJR042W	YGL092W	NUP85	NUP145	0.216420698	0.521190954	0.825903642
YJR042W_YKL057C	YJR042W	YKL057C	NUP85	NUP120	0.216420698	NA	-0.360955202
YJR048W_YPL190C	YJR048W	YPL190C	CYC1	NAB3	-0.001211769	0.105450566	NA
YJR060W_YJR060W	YJR060W	YJR060W	CBF1	CBF1	1.163400245	1.163400245	0.372792913
YJR060W_YNL103W	YJR060W	YNL103W	CBF1	MET4	1.163400245	0.289880801	NA
YJR068W_YNL290W	YJR068W	YNL290W	RFC2	RFC3	0.724158568	0.603425674	-0.307049556
YJR070C_YGL137W	YJR070C	YGL137W	LIA1	SEC27	0.998893005	0.467786153	-0.924291243
YJR076C_YCR030C	YJR076C	YCR030C	CDC11	SYP1	0.865223892	0.720449883	-0.673213786
YJR076C_YDL225W	YJR076C	YDL225W	CDC11	SHS1	0.865223892	1.091631817	-0.233951705
YJR076C_YJR076C	YJR076C	YJR076C	CDC11	CDC11	0.865223892	0.865223892	-0.084632022
YJR076C_YML109W	YJR076C	YML109W	CDC11	ZDS2	0.865223892	0.317551946	NA
YJR076C_YNL166C	YJR076C	YNL166C	CDC11	BNI5	0.865223892	0.501875366	NA
YJR112W_YLR200W	YJR112W	YLR200W	NNF1	YKE2	0.17233894	0.5347631	NA
YJR117W_YML016C	YJR117W	YML016C	STE24	PPZ1	0.706931309	0.802798042	-0.436674015
YJR143C_YNL197C	YJR143C	YNL197C	PMT4	WHI3	0.108489698	0.238653836	NA
YJR147W_YLR025W	YJR147W	YLR025W	HMS2	SNF7	0.329130986	NA	NA
YJR147W_YOL069W	YJR147W	YOL069W	HMS2	NUF2	0.329130986	0.419343473	NA
YKL002W_YKL002W	YKL002W	YKL002W	DID4	DID4	0.609017135	0.609017135	-1.327362445
YKL002W_YKR035W-A	YKL002W	YKR035W-A	DID4	DID2	0.609017135	0.479816466	-0.474208324
YKL002W_YLR025W	YKL002W	YLR025W	DID4	SNF7	0.609017135	NA	-0.54556165
YKL004W_YMR010W	YKL004W	YMR010W	AUR1	YMR010W	0.318282441	0.322385849	-0.101312819
YKL008C_YHL003C	YKL008C	YHL003C	LAC1	LAG1	0.069331541	0.248222896	0.221307432
YKL008C_YLR350W	YKL008C	YLR350W	LAC1	ORM2	0.069331541	1.158643491	NA
YKL012W_YLR324W	YKL012W	YLR324W	PRP40	PEX30	0.022001006	0.585560235	NA
YKL013C_YBR234C	YKL013C	YBR234C	ARC19	ARC40	0.648221252	0.615961767	-0.543970628
YKL013C_YOR181W	YKL013C	YOR181W	ARC19	LAS17	0.648221252	0.135178981	-0.665206121
YKL015W_YML051W	YKL015W	YML051W	PUT3	GAL80	0.297193483	0.278664718	NA
YKL022C_YKL145W	YKL022C	YKL145W	CDC16	RPT1	0.569735211	0.774758569	NA
YKL041W_YKL041W	YKL041W	YKL041W	VPS24	VPS24	0.34917391	0.34917391	-1.855558365
YKL041W_YKR035W-A	YKL041W	YKR035W-A	VPS24	DID2	0.34917391	0.479816466	-0.527313197
YKL041W_YLR025W	YKL041W	YLR025W	VPS24	SNF7	0.34917391	NA	-1.303027411
YKL054C_YNR051C	YKL054C	YNR051C	DEF1	BRE5	0.195793887	0.223219414	NA
YKL057C_YJL061W	YKL057C	YJL061W	NUP120	NUP82	NA	0.250766335	-0.780662824
YKL057C_YJR042W	YKL057C	YJR042W	NUP120	NUP85	NA	0.216420698	0.000747699
YKL067W_YKL067W	YKL067W	YKL067W	YNK1	YNK1	0.991744898	0.991744898	0.081551997
YKL068W_YFR002W	YKL068W	YFR002W	NUP100	NIC96	0.311631968	NA	-0.498330248
YKL068W_YJL061W	YKL068W	YJL061W	NUP100	NUP82	0.311631968	0.250766335	0.204155011
YKL068W_YKR082W	YKL068W	YKR082W	NUP100	NUP133	0.311631968	1.000590694	NA
YKL068W_YMR047C	YKL068W	YMR047C	NUP100	NUP116	0.311631968	0.280806386	-0.235137883
YKL078W_YNL186W	YKL078W	YNL186W	DHR2	UBP10	0.246999817	0.418600192	0.321359588
YKL079W_YOR326W	YKL079W	YOR326W	SMY1	MYO2	0.17977446	0.256818988	NA
YKL087C_YNL255C	YKL087C	YNL255C	CYT2	GIS2	NA	0.743426143	NA
YKL088W_YDR436W	YKL088W	YDR436W	CAB3	PPZ2	NA	0.475979165	-0.433359169
YKL088W_YKR072C	YKL088W	YKR072C	CAB3	SIS2	NA	0.481499071	0.288408283
YKL088W_YML016C	YKL088W	YML016C	CAB3	PPZ1	NA	0.802798042	0.37231037
YKL088W_YOR054C	YKL088W	YOR054C	CAB3	VHS3	NA	NA	0.348140236
YKL101W_YKL101W	YKL101W	YKL101W	HSL1	HSL1	0.16712052	0.16712052	NA
YKL101W_YKR048C	YKL101W	YKR048C	HSL1	NAP1	0.16712052	0.92354636	NA
YKL103C_YLR291C	YKL103C	YLR291C	APE1	GCD7	1.864215128	0.619819504	NA
YKL130C_YML056C	YKL130C	YML056C	SHE2	IMD4	0.158579121	0.231210912	NA
YKL139W_YOL012C	YKL139W	YOL012C	CTK1	HTZ1	NA	0.299720694	NA
YKL140W_YBR041W	YKL140W	YBR041W	TGL1	FAT1	0.362984496	0.364221478	0.39352836
YKL144C_YOR116C	YKL144C	YOR116C	RPC25	RPO31	NA	0.396411814	NA
YKL145W_YDR394W	YKL145W	YDR394W	RPT1	RPT3	0.774758569	0.490235857	0.947434818
YKL145W_YHR027C	YKL145W	YHR027C	RPT1	RPN1	0.774758569	0.960583188	0.673960753
YKL145W_YOR117W	YKL145W	YOR117W	RPT1	RPT5	0.774758569	NA	0.822105626
YKL145W_YOR259C	YKL145W	YOR259C	RPT1	RPT4	0.774758569	0.419294619	1.431190306
YKL145W_YOR261C	YKL145W	YOR261C	RPT1	RPN8	0.774758569	0.786388877	NA
YKL145W_YOR273C	YKL145W	YOR273C	RPT1	TPO4	0.774758569	0.160732349	NA
YKL159C_YKL190W	YKL159C	YKL190W	RCN1	CNB1	NA	0.902719465	-0.347873224
YKL164C_YNL197C	YKL164C	YNL197C	PIR1	WHI3	0.083697169	0.238653836	NA
YKL165C_YML012W	YKL165C	YML012W	MCD4	ERV25	0.342355818	0.339932899	-0.633868382
YKL171W_YNL229C	YKL171W	YNL229C	NNK1	URE2	NA	0.642881953	NA
YKL172W_YDR060W	YKL172W	YDR060W	EBP2	MAK21	NA	0.707606611	1.29195228
YKL172W_YFR001W	YKL172W	YFR001W	EBP2	LOC1	NA	0.289715438	NA
YKL172W_YLR196W	YKL172W	YLR196W	EBP2	PWP1	NA	0.765763874	1.036179666
YKL172W_YLR449W	YKL172W	YLR449W	EBP2	FPR4	NA	1.067185505	0.891023123
YKL172W_YNL002C	YKL172W	YNL002C	EBP2	RLP7	NA	NA	0.689733351
YKL172W_YNL255C	YKL172W	YNL255C	EBP2	GIS2	NA	0.743426143	NA
YKL172W_YOL077C	YKL172W	YOL077C	EBP2	BRX1	NA	0.641755909	-0.032918858
YKL172W_YOR206W	YKL172W	YOR206W	EBP2	NOC2	NA	0.782673369	NA
YKL172W_YOR294W	YKL172W	YOR294W	EBP2	RRS1	NA	NA	2.206726914
YKL181W_YBL068W	YKL181W	YBL068W	PRS1	PRS4	0.177263749	0.572942588	-0.816399906
YKL181W_YMR291W	YKL181W	YMR291W	PRS1	TDA1	0.177263749	0.292911357	NA
YKL181W_YOL061W	YKL181W	YOL061W	PRS1	PRS5	0.177263749	0.724726166	-0.833512252
YKL185W_YPL181W	YKL185W	YPL181W	ASH1	CTI6	0.03612159	0.607856443	NA
YKL190W_YKL159C	YKL190W	YKL159C	CNB1	RCN1	0.902719465	NA	NA
YKL190W_YLR433C	YKL190W	YLR433C	CNB1	CNA1	0.902719465	0.357474037	0.44996416
YKL190W_YML057W	YKL190W	YML057W	CNB1	CMP2	0.902719465	0.610365387	0.400737763
YKL191W_YDR385W	YKL191W	YDR385W	DPH2	EFT2	0.431528093	0.632442547	-0.383664199
YKL197C_YOL044W	YKL197C	YOL044W	PEX1	PEX15	0.33818658	0.381079924	NA
YKR007W_YBR077C	YKR007W	YBR077C	MEH1	SLM4	0.949725169	0.891728907	-0.278796476
YKR007W_YEL013W	YKR007W	YEL013W	MEH1	VAC8	0.949725169	0.6331655	0.330669964
YKR007W_YGR163W	YKR007W	YGR163W	MEH1	GTR2	0.949725169	0.930851374	0.012546927
YKR007W_YML121W	YKR007W	YML121W	MEH1	GTR1	0.949725169	0.728767639	0.104211527
YKR014C_YOR089C	YKR014C	YOR089C	YPT52	VPS21	1.339863119	1.219076564	NA
YKR014C_YOR370C	YKR014C	YOR370C	YPT52	MRS6	1.339863119	0.519928511	NA
YKR020W_YNL255C	YKR020W	YNL255C	VPS51	GIS2	0.463430522	0.743426143	NA
YKR026C_YGR083C	YKR026C	YGR083C	GCN3	GCD2	0.450618493	0.6300338	0.055757158
YKR026C_YNL085W	YKR026C	YNL085W	GCN3	MKT1	0.450618493	0.350857625	NA
YKR034W_YKR034W	YKR034W	YKR034W	DAL80	DAL80	NA	NA	NA
YKR034W_YNL229C	YKR034W	YNL229C	DAL80	URE2	NA	0.642881953	NA
YKR035W-A_YKR035W-A	YKR035W-A	YKR035W-A	DID2	DID2	0.479816466	0.479816466	-1.145734934
YKR035W-A_YLR025W	YKR035W-A	YLR025W	DID2	SNF7	0.479816466	NA	0.046232823
YKR035W-A_YNL265C	YKR035W-A	YNL265C	DID2	IST1	0.479816466	0.60811322	0.406248849
YKR048C_YBR267W	YKR048C	YBR267W	NAP1	REI1	0.92354636	0.971047342	0.355106588
YKR048C_YCL037C	YKR048C	YCL037C	NAP1	SRO9	0.92354636	0.72255521	-0.124729492
YKR048C_YDR162C	YKR048C	YDR162C	NAP1	NBP2	0.92354636	NA	0.225605207
YKR048C_YKR048C	YKR048C	YKR048C	NAP1	NAP1	0.92354636	0.92354636	0.38079518
YKR048C_YLR133W	YKR048C	YLR133W	NAP1	CKI1	0.92354636	0.271289634	0.267413329
YKR048C_YMR139W	YKR048C	YMR139W	NAP1	RIM11	0.92354636	0.848902259	-0.529151915
YKR048C_YNL078W	YKR048C	YNL078W	NAP1	NIS1	0.92354636	0.168367482	NA
YKR048C_YOL012C	YKR048C	YOL012C	NAP1	HTZ1	0.92354636	0.299720694	NA
YKR053C_YLR181C	YKR053C	YLR181C	YSR3	VTA1	NA	0.342294361	NA
YKR072C_YKL088W	YKR072C	YKL088W	SIS2	CAB3	0.481499071	NA	0.198525728
YKR072C_YML016C	YKR072C	YML016C	SIS2	PPZ1	0.481499071	0.802798042	0.186592821
YKR097W_YKR097W	YKR097W	YKR097W	PCK1	PCK1	NA	NA	-1.293559702
YLL001W_YLL001W	YLL001W	YLL001W	DNM1	DNM1	0.057251583	0.057251583	0.251005316
YLL008W_YLL034C	YLL008W	YLL034C	DRS1	RIX7	NA	0.386536293	NA
YLL008W_YPL043W	YLL008W	YPL043W	DRS1	NOP4	NA	0.417997029	NA
YLL008W_YPR016C	YLL008W	YPR016C	DRS1	TIF6	NA	0.290010849	NA
YLL021W_YHR158C	YLL021W	YHR158C	SPA2	KEL1	NA	0.242747225	-0.12535233
YLL021W_YLL021W	YLL021W	YLL021W	SPA2	SPA2	NA	NA	-0.505116353
YLL021W_YOR231W	YLL021W	YOR231W	SPA2	MKK1	NA	0.236338275	NA
YLL022C_YNL031C	YLL022C	YNL031C	HIF1	HHT2	0.52604851	0.354156414	-0.046082456
YLL028W_YLR221C	YLL028W	YLR221C	TPO1	RSA3	0.199693744	0.480249844	NA
YLL028W_YNL110C	YLL028W	YNL110C	TPO1	NOP15	0.199693744	0.880663271	NA
YLL028W_YOR153W	YLL028W	YOR153W	TPO1	PDR5	0.199693744	0.528932027	0.266915811
YLL031C_YLR350W	YLL031C	YLR350W	GPI13	ORM2	-0.178996912	1.158643491	-0.065559443
YLL034C_YLL034C	YLL034C	YLL034C	RIX7	RIX7	0.386536293	0.386536293	0.54687098
YLL034C_YLR449W	YLL034C	YLR449W	RIX7	FPR4	0.386536293	1.067185505	NA
YLL034C_YOR206W	YLL034C	YOR206W	RIX7	NOC2	0.386536293	0.782673369	NA
YLR006C_YDL235C	YLR006C	YDL235C	SSK1	YPD1	0.356609964	0.31119286	-0.196983125
YLR006C_YNR031C	YLR006C	YNR031C	SSK1	SSK2	0.356609964	0.424293221	-0.740239439
YLR025W_YDR486C	YLR025W	YDR486C	SNF7	VPS60	NA	0.778158463	0.191657977
YLR025W_YKL002W	YLR025W	YKL002W	SNF7	DID4	NA	0.609017135	0.133183975
YLR025W_YKL041W	YLR025W	YKL041W	SNF7	VPS24	NA	0.34917391	-0.598346826
YLR025W_YKR035W-A	YLR025W	YKR035W-A	SNF7	DID2	NA	0.479816466	-1.252547441
YLR025W_YLR025W	YLR025W	YLR025W	SNF7	SNF7	NA	NA	-1.561331392
YLR025W_YLR181C	YLR025W	YLR181C	SNF7	VTA1	NA	0.342294361	-1.308795038
YLR028C_YDR028C	YLR028C	YDR028C	ADE16	REG1	0.630895799	-0.200065222	-0.385171398
YLR028C_YMR120C	YLR028C	YMR120C	ADE16	ADE17	0.630895799	0.249105517	0.367439716
YLR045C_YLR045C	YLR045C	YLR045C	STU2	STU2	0.519964703	0.519964703	0.580703167
YLR045C_YPL269W	YLR045C	YPL269W	STU2	KAR9	0.519964703	0.254734836	NA
YLR056W_YHR007C	YLR056W	YHR007C	ERG3	ERG11	-0.209232532	-0.16869028	-0.19287149
YLR056W_YLR056W	YLR056W	YLR056W	ERG3	ERG3	-0.209232532	-0.209232532	1.013766049
YLR056W_YNL255C	YLR056W	YNL255C	ERG3	GIS2	-0.209232532	0.743426143	NA
YLR079W_YLR210W	YLR079W	YLR210W	SIC1	CLB4	0.402209128	0.236631301	NA
YLR094C_YNL197C	YLR094C	YNL197C	GIS3	WHI3	0.267827213	0.238653836	NA
YLR100W_YHR072W	YLR100W	YHR072W	ERG27	ERG7	0.115546325	0.082995672	-0.330755312
YLR110C_YLR350W	YLR110C	YLR350W	CCW12	ORM2	0.687524054	1.158643491	1.117728199
YLR113W_YLR248W	YLR113W	YLR248W	HOG1	RCK2	0.911914373	0.652014319	0.801249863
YLR113W_YMR172W	YLR113W	YMR172W	HOG1	HOT1	0.911914373	0.472889534	NA
YLR117C_YLR424W	YLR117C	YLR424W	CLF1	SPP382	0.501028579	0.433612419	NA
YLR129W_YCR057C	YLR129W	YCR057C	DIP2	PWP2	0.2913791	0.512367267	0.630659995
YLR129W_YMR128W	YLR129W	YMR128W	DIP2	ECM16	0.2913791	0.548745226	NA
YLR133W_YKR048C	YLR133W	YKR048C	CKI1	NAP1	0.271289634	0.92354636	-1.004329921
YLR170C_YPR029C	YLR170C	YPR029C	APS1	APL4	NA	0.134033911	-0.470379211
YLR172C_YOR133W	YLR172C	YOR133W	DPH5	EFT1	0.742504905	0.818799493	0.528485957
YLR182W_YNL309W	YLR182W	YNL309W	SWI6	STB1	0.207955401	0.048316879	NA
YLR182W_YOR083W	YLR182W	YOR083W	SWI6	WHI5	0.207955401	0.454884517	NA
YLR191W_YDL065C	YLR191W	YDL065C	PEX13	PEX19	0.625853733	0.700993514	-0.673319377
YLR191W_YOL147C	YLR191W	YOL147C	PEX13	PEX11	0.625853733	0.340416759	-0.34755586
YLR200W_YGR078C	YLR200W	YGR078C	YKE2	PAC10	0.5347631	0.723522347	-0.264240971
YLR200W_YML094W	YLR200W	YML094W	YKE2	GIM5	0.5347631	0.696993562	0.864544175
YLR200W_YNL153C	YLR200W	YNL153C	YKE2	GIM3	0.5347631	0.423421544	-0.025062937
YLR216C_YOR027W	YLR216C	YOR027W	CPR6	STI1	1.331257632	0.655563897	NA
YLR238W_YPR110C	YLR238W	YPR110C	FAR10	RPC40	NA	0.393351293	NA
YLR250W_YNL255C	YLR250W	YNL255C	SSP120	GIS2	0.353441354	0.743426143	NA
YLR258W_YFR015C	YLR258W	YFR015C	GSY2	GSY1	0.676182462	0.625708008	-0.155442096
YLR258W_YKR058W	YLR258W	YKR058W	GSY2	GLG1	0.676182462	NA	-0.67031641
YLR258W_YLR258W	YLR258W	YLR258W	GSY2	GSY2	0.676182462	0.676182462	0.261385239
YLR258W_YMR139W	YLR258W	YMR139W	GSY2	RIM11	0.676182462	0.848902259	NA
YLR262C_YOR089C	YLR262C	YOR089C	YPT6	VPS21	0.408293632	1.219076564	NA
YLR262C_YOR370C	YLR262C	YOR370C	YPT6	MRS6	0.408293632	0.519928511	-0.514661262
YLR291C_YEL051W	YLR291C	YEL051W	GCD7	VMA8	0.619819504	0.527254845	-1.227784595
YLR291C_YGR083C	YLR291C	YGR083C	GCD7	GCD2	0.619819504	0.6300338	0.211271566
YLR291C_YKR026C	YLR291C	YKR026C	GCD7	GCN3	0.619819504	0.450618493	-0.34997678
YLR291C_YLR438C-A	YLR291C	YLR438C-A	GCD7	LSM3	0.619819504	0.919337952	NA
YLR291C_YPL070W	YLR291C	YPL070W	GCD7	MUK1	0.619819504	0.623185018	NA
YLR305C_YOR181W	YLR305C	YOR181W	STT4	LAS17	NA	0.135178981	NA
YLR319C_YLR319C	YLR319C	YLR319C	BUD6	BUD6	-0.021027028	-0.021027028	-0.611580843
YLR324W_YLR324W	YLR324W	YLR324W	PEX30	PEX30	0.585560235	0.585560235	0.141292313
YLR326W_YNL323W	YLR326W	YNL323W	YLR326W	LEM3	0.434537186	0.326292855	NA
YLR328W_YLR328W	YLR328W	YLR328W	NMA1	NMA1	0.349377873	0.349377873	0.06214709
YLR335W_YGL172W	YLR335W	YGL172W	NUP2	NUP49	0.481136575	NA	NA
YLR337C_YHR114W	YLR337C	YHR114W	VRP1	BZZ1	0.505580967	0.419964517	-0.199568065
YLR337C_YMR032W	YLR337C	YMR032W	VRP1	HOF1	0.505580967	0.097743115	NA
YLR337C_YMR109W	YLR337C	YMR109W	VRP1	MYO5	0.505580967	0.456482294	-0.267374398
YLR337C_YOR181W	YLR337C	YOR181W	VRP1	LAS17	0.505580967	0.135178981	-0.042965702
YLR345W_YLR257W	YLR345W	YLR257W	YLR345W	YLR257W	0.477395572	0.88299379	-0.78403833
YLR350W_YLR350W	YLR350W	YLR350W	ORM2	ORM2	1.158643491	1.158643491	1.058286302
YLR357W_YMR033W	YLR357W	YMR033W	RSC2	ARP9	0.530488518	NA	NA
YLR360W_YPR079W	YLR360W	YPR079W	VPS38	MRL1	0.360557907	0.918169463	-0.438574833
YLR370C_YBR234C	YLR370C	YBR234C	ARC18	ARC40	0.756479562	0.615961767	NA
YLR370C_YKL013C	YLR370C	YKL013C	ARC18	ARC19	0.756479562	0.648221252	0.24400752
YLR370C_YMR109W	YLR370C	YMR109W	ARC18	MYO5	0.756479562	0.456482294	-0.62721089
YLR370C_YNR035C	YLR370C	YNR035C	ARC18	ARC35	0.756479562	0.377195569	0.221663417
YLR370C_YOR181W	YLR370C	YOR181W	ARC18	LAS17	0.756479562	0.135178981	NA
YLR378C_YPL094C	YLR378C	YPL094C	SEC61	SEC62	NA	0.293885433	0.845264309
YLR386W_YFR021W	YLR386W	YFR021W	VAC14	ATG18	0.527191776	0.724795245	NA
YLR397C_YLR397C	YLR397C	YLR397C	AFG2	AFG2	0.611838854	0.611838854	-0.714454919
YLR409C_YCR057C	YLR409C	YCR057C	UTP21	PWP2	0.583326785	0.512367267	NA
YLR421C_YOR117W	YLR421C	YOR117W	RPN13	RPT5	0.936877932	NA	NA
YLR421C_YOR261C	YLR421C	YOR261C	RPN13	RPN8	0.936877932	0.786388877	0.32253683
YLR424W_YOR357C	YLR424W	YOR357C	SPP382	SNX3	0.433612419	0.768378217	NA
YLR425W_YPL256C	YLR425W	YPL256C	TUS1	CLN2	NA	0.199538575	NA
YLR432W_YLR432W	YLR432W	YLR432W	IMD3	IMD3	0.175855867	0.175855867	-0.064976373
YLR432W_YML056C	YLR432W	YML056C	IMD3	IMD4	0.175855867	0.231210912	0.151674088
YLR447C_YGR020C	YLR447C	YGR020C	VMA6	VMA7	-0.151090462	0.334854352	0.022064349
YLR447C_YGR105W	YLR447C	YGR105W	VMA6	VMA21	-0.151090462	0.344368608	0.05499315
YLR447C_YOR270C	YLR447C	YOR270C	VMA6	VPH1	-0.151090462	0.587883105	0.072322279
YLR450W_YHR133C	YLR450W	YHR133C	HMG2	NSG1	0.277878859	0.395459446	0.486231734
YML001W_YOR089C	YML001W	YOR089C	YPT7	VPS21	0.613762563	1.219076564	NA
YML001W_YOR370C	YML001W	YOR370C	YPT7	MRS6	0.613762563	0.519928511	-0.95531319
YML007W_YBR216C	YML007W	YBR216C	YAP1	YBP1	0.593220249	0.381732866	-0.210202217
YML012W_YAR002C-A	YML012W	YAR002C-A	ERV25	ERP1	0.339932899	0.546729174	0.428121517
YML012W_YGL002W	YML012W	YGL002W	ERV25	ERP6	0.339932899	NA	0.059234857
YML012W_YHR039C	YML012W	YHR039C	ERV25	MSC7	0.339932899	0.010630424	-0.27060911
YML012W_YHR110W	YML012W	YHR110W	ERV25	ERP5	0.339932899	0.36987977	0.139495746
YML012W_YLR378C	YML012W	YLR378C	ERV25	SEC61	0.339932899	NA	0.477679657
YML013W_YGR048W	YML013W	YGR048W	UBX2	UFD1	0.366020267	0.777717337	-0.130879745
YML013W_YML013W	YML013W	YML013W	UBX2	UBX2	0.366020267	0.366020267	-0.490001873
YML014W_YNL255C	YML014W	YNL255C	TRM9	GIS2	0.384581831	0.743426143	NA
YML016C_YKL088W	YML016C	YKL088W	PPZ1	CAB3	0.802798042	NA	0.010900784
YML016C_YKR072C	YML016C	YKR072C	PPZ1	SIS2	0.802798042	0.481499071	0.28980548
YML016C_YOR054C	YML016C	YOR054C	PPZ1	VHS3	0.802798042	NA	0.290844199
YML017W_YOR204W	YML017W	YOR204W	PSP2	DED1	0.61417614	NA	0.976544928
YML031W_YDL088C	YML031W	YDL088C	NDC1	ASM4	0.362043718	0.104077695	0.035492747
YML031W_YFR002W	YML031W	YFR002W	NDC1	NIC96	0.362043718	NA	0.450435517
YML031W_YML103C	YML031W	YML103C	NDC1	NUP188	0.362043718	0.57017564	NA
YML031W_YMR153W	YML031W	YMR153W	NDC1	NUP53	0.362043718	0.476348423	1.257881579
YML035C_YML035C	YML035C	YML035C	AMD1	AMD1	0.638571409	0.638571409	0.570559403
YML051W_YML051W	YML051W	YML051W	GAL80	GAL80	0.278664718	0.278664718	NA
YML051W_YOR197W	YML051W	YOR197W	GAL80	MCA1	0.278664718	0.770252094	NA
YML056C_YLR432W	YML056C	YLR432W	IMD4	IMD3	0.231210912	0.175855867	-0.350392088
YML056C_YML056C	YML056C	YML056C	IMD4	IMD4	0.231210912	0.231210912	0.119057307
YML058W-A_YMR105C	YML058W-A	YMR105C	HUG1	PGM2	2.611237053	1.340283998	-0.337700688
YML067C_YAL042W	YML067C	YAL042W	ERV41	ERV46	0.381749225	NA	0.476196171
YML067C_YDR238C	YML067C	YDR238C	ERV41	SEC26	0.381749225	0.548325306	0.094665266
YML067C_YML067C	YML067C	YML067C	ERV41	ERV41	0.381749225	0.381749225	-0.82582163
YML067C_YNL287W	YML067C	YNL287W	ERV41	SEC21	0.381749225	0.086281943	NA
YML072C_YLR413W	YML072C	YLR413W	TCB3	YLR413W	0.210352647	-0.00678643	1.844470007
YML072C_YPL221W	YML072C	YPL221W	TCB3	FLC1	0.210352647	0.074414597	-1.045939673
YML081C-A_YDR377W	YML081C-A	YDR377W	ATP18	ATP17	0.260322487	0.500540794	-1.514834063
YML092C_YGR135W	YML092C	YGR135W	PRE8	PRE9	0.937335472	0.708508161	-0.074979766
YML092C_YOR362C	YML092C	YOR362C	PRE8	PRE10	0.937335472	1.228401095	0.493397275
YML094W_YLR200W	YML094W	YLR200W	GIM5	YKE2	0.696993562	0.5347631	1.68530471
YML112W_YJL006C	YML112W	YJL006C	CTK3	CTK2	0.430313932	NA	NA
YMR010W_YBL017C	YMR010W	YBL017C	YMR010W	PEP1	0.322385849	0.235719403	-0.065405335
YMR010W_YOR069W	YMR010W	YOR069W	YMR010W	VPS5	0.322385849	0.556890436	-0.113922248
YMR026C_YOL044W	YMR026C	YOL044W	PEX12	PEX15	0.39449181	0.381079924	NA
YMR026C_YOL147C	YMR026C	YOL147C	PEX12	PEX11	0.39449181	0.340416759	-0.755496736
YMR032W_YOR181W	YMR032W	YOR181W	HOF1	LAS17	0.097743115	0.135178981	NA
YMR033W_YGR275W	YMR033W	YGR275W	ARP9	RTT102	NA	0.791089651	0.521715898
YMR033W_YMR072W	YMR033W	YMR072W	ARP9	ABF2	NA	1.00083701	NA
YMR033W_YPL129W	YMR033W	YPL129W	ARP9	TAF14	NA	0.386090115	NA
YMR054W_YPR036W	YMR054W	YPR036W	STV1	VMA13	0.196292988	0.353816108	0.138382182
YMR070W_YMR070W	YMR070W	YMR070W	MOT3	MOT3	0.070587333	0.070587333	-1.75517492
YMR093W_YGR128C	YMR093W	YGR128C	UTP15	UTP8	0.639105069	0.733736304	0.389921016
YMR093W_YHR196W	YMR093W	YHR196W	UTP15	UTP9	0.639105069	0.77941806	NA
YMR096W_YMR096W	YMR096W	YMR096W	SNZ1	SNZ1	NA	NA	-0.097507932
YMR105C_YML058W-A	YMR105C	YML058W-A	PGM2	HUG1	1.340283998	2.611237053	-0.395730889
YMR109W_YBR234C	YMR109W	YBR234C	MYO5	ARC40	0.456482294	0.615961767	-0.231966972
YMR109W_YGL242C	YMR109W	YGL242C	MYO5	YGL242C	0.456482294	NA	0.488221016
YMR109W_YHR114W	YMR109W	YHR114W	MYO5	BZZ1	0.456482294	0.419964517	-0.541847813
YMR109W_YIL062C	YMR109W	YIL062C	MYO5	ARC15	0.456482294	0.470923256	0.128705764
YMR109W_YKL013C	YMR109W	YKL013C	MYO5	ARC19	0.456482294	0.648221252	0.285705439
YMR109W_YLR337C	YMR109W	YLR337C	MYO5	VRP1	0.456482294	0.505580967	0.640274517
YMR109W_YMR109W	YMR109W	YMR109W	MYO5	MYO5	0.456482294	0.456482294	0.27666102
YMR109W_YOR181W	YMR109W	YOR181W	MYO5	LAS17	0.456482294	0.135178981	-0.196428105
YMR109W_YOR247W	YMR109W	YOR247W	MYO5	SRL1	0.456482294	0.053904995	NA
YMR125W_YPL178W	YMR125W	YPL178W	STO1	CBC2	0.719185364	0.625496576	0.34888928
YMR128W_YMR229C	YMR128W	YMR229C	ECM16	RRP5	0.548745226	0.547479938	NA
YMR128W_YOR294W	YMR128W	YOR294W	ECM16	RRS1	0.548745226	NA	NA
YMR134W_YJL117W	YMR134W	YJL117W	YMR134W	PHO86	0.384145383	0.878236387	0.421592456
YMR139W_YMR291W	YMR139W	YMR291W	RIM11	TDA1	0.848902259	0.292911357	NA
YMR139W_YOL059W	YMR139W	YOL059W	RIM11	GPD2	0.848902259	0.161018718	NA
YMR191W_YOR259C	YMR191W	YOR259C	SPG5	RPT4	NA	0.419294619	NA
YMR212C_YGR198W	YMR212C	YGR198W	EFR3	YPP1	0.443935324	0.58505246	-0.51778898
YMR229C_YNL002C	YMR229C	YNL002C	RRP5	RLP7	0.547479938	NA	0.501217073
YMR229C_YOL077C	YMR229C	YOL077C	RRP5	BRX1	0.547479938	0.641755909	0.75201368
YMR229C_YOR206W	YMR229C	YOR206W	RRP5	NOC2	0.547479938	0.782673369	1.046646998
YMR229C_YPL012W	YMR229C	YPL012W	RRP5	RRP12	0.547479938	0.52140855	NA
YMR229C_YPL043W	YMR229C	YPL043W	RRP5	NOP4	0.547479938	0.417997029	NA
YMR239C_YPL190C	YMR239C	YPL190C	RNT1	NAB3	0.535365024	0.105450566	NA
YMR264W_YNL031C	YMR264W	YNL031C	CUE1	HHT2	0.378037271	0.354156414	NA
YMR290C_YNL154C	YMR290C	YNL154C	HAS1	YCK2	NA	0.424434963	NA
YNL002C_YNR053C	YNL002C	YNR053C	RLP7	NOG2	NA	0.424005323	NA
YNL002C_YOR206W	YNL002C	YOR206W	RLP7	NOC2	NA	0.782673369	NA
YNL002C_YPL043W	YNL002C	YPL043W	RLP7	NOP4	NA	0.417997029	NA
YNL002C_YPR016C	YNL002C	YPR016C	RLP7	TIF6	NA	0.290010849	NA
YNL006W_YNL183C	YNL006W	YNL183C	LST8	NPR1	0.477711389	0.519551263	NA
YNL007C_YNL007C	YNL007C	YNL007C	SIS1	SIS1	1.261512219	1.261512219	0.278988015
YNL007C_YNL229C	YNL007C	YNL229C	SIS1	URE2	1.261512219	0.642881953	NA
YNL031C_YJL115W	YNL031C	YJL115W	HHT2	ASF1	0.354156414	0.482834902	0.587899047
YNL031C_YLL022C	YNL031C	YLL022C	HHT2	HIF1	0.354156414	0.52604851	0.721756721
YNL031C_YNL031C	YNL031C	YNL031C	HHT2	HHT2	0.354156414	0.354156414	0.34440413
YNL031C_YPL101W	YNL031C	YPL101W	HHT2	ELP4	0.354156414	NA	NA
YNL031C_YPL209C	YNL031C	YPL209C	HHT2	IPL1	0.354156414	0.391061221	NA
YNL031C_YPR016C	YNL031C	YPR016C	HHT2	TIF6	0.354156414	0.290010849	NA
YNL041C_YER157W	YNL041C	YER157W	COG6	COG3	0.46171094	0.236183771	-0.408576844
YNL071W_YER178W	YNL071W	YER178W	LAT1	PDA1	-0.190853797	0.053634383	NA
YNL091W_YNL288W	YNL091W	YNL288W	NST1	CAF40	0.202358144	0.787684296	-0.790238093
YNL093W_YOR089C	YNL093W	YOR089C	YPT53	VPS21	NA	1.219076564	NA
YNL102W_YNR052C	YNL102W	YNR052C	POL1	POP2	0.411247309	0.230618553	NA
YNL103W_YNL272C	YNL103W	YNL272C	MET4	SEC2	0.289880801	0.223166224	NA
YNL110C_YPR143W	YNL110C	YPR143W	NOP15	RRP15	0.880663271	0.452533974	NA
YNL112W_YGL120C	YNL112W	YGL120C	DBP2	PRP43	0.596534211	0.685673412	NA
YNL112W_YGR159C	YNL112W	YGR159C	DBP2	NSR1	0.596534211	0.679868048	0.691493329
YNL112W_YMR290C	YNL112W	YMR290C	DBP2	HAS1	0.596534211	NA	1.321115721
YNL112W_YNL255C	YNL112W	YNL255C	DBP2	GIS2	0.596534211	0.743426143	0.168530788
YNL118C_YCR077C	YNL118C	YCR077C	DCP2	PAT1	0.434967157	0.278788585	0.332588806
YNL118C_YDL160C	YNL118C	YDL160C	DCP2	DHH1	0.434967157	0.644020755	0.049573446
YNL118C_YDR293C	YNL118C	YDR293C	DCP2	SSD1	0.434967157	0.524696282	NA
YNL118C_YEL015W	YNL118C	YEL015W	DCP2	EDC3	0.434967157	0.659375969	-0.395114875
YNL118C_YER112W	YNL118C	YER112W	DCP2	LSM4	0.434967157	0.836821179	-0.360733752
YNL118C_YKL054C	YNL118C	YKL054C	DCP2	DEF1	0.434967157	0.195793887	-0.868659006
YNL118C_YLR438C-A	YNL118C	YLR438C-A	DCP2	LSM3	0.434967157	0.919337952	0.704356768
YNL118C_YMR080C	YNL118C	YMR080C	DCP2	NAM7	0.434967157	-0.133101703	0.432516533
YNL118C_YPR129W	YNL118C	YPR129W	DCP2	SCD6	0.434967157	0.666668399	-0.257201815
YNL121C_YML086C	YNL121C	YML086C	TOM70	ALO1	0.568901468	0.534484646	0.604178683
YNL136W_YNL246W	YNL136W	YNL246W	EAF7	VPS75	0.347407094	0.306536262	NA
YNL138W_YGR080W	YNL138W	YGR080W	SRV2	TWF1	0.476724603	0.556934417	NA
YNL138W_YNL138W	YNL138W	YNL138W	SRV2	SRV2	0.476724603	0.476724603	0.132215694
YNL153C_YNL255C	YNL153C	YNL255C	GIM3	GIS2	0.423421544	0.743426143	NA
YNL154C_YDR264C	YNL154C	YDR264C	YCK2	AKR1	0.424434963	0.574685416	NA
YNL175C_YPL211W	YNL175C	YPL211W	NOP13	NIP7	0.305931581	0.610519937	NA
YNL183C_YPL204W	YNL183C	YPL204W	NPR1	HRR25	0.519551263	0.387598535	NA
YNL183C_YPR135W	YNL183C	YPR135W	NPR1	CTF4	0.519551263	0.39929005	NA
YNL197C_YDL160C	YNL197C	YDL160C	WHI3	DHH1	0.238653836	0.644020755	-0.405331202
YNL197C_YNL327W	YNL197C	YNL327W	WHI3	EGT2	0.238653836	0.032219424	NA
YNL197C_YOR204W	YNL197C	YOR204W	WHI3	DED1	0.238653836	NA	1.116257006
YNL197C_YPL006W	YNL197C	YPL006W	WHI3	NCR1	0.238653836	0.515042384	NA
YNL197C_YPL265W	YNL197C	YPL265W	WHI3	DIP5	0.238653836	0.03452203	NA
YNL197C_YPR138C	YNL197C	YPR138C	WHI3	MEP3	0.238653836	-0.057733896	NA
YNL214W_YGL153W	YNL214W	YGL153W	PEX17	PEX14	0.549934456	0.417955596	-0.454953978
YNL214W_YNL214W	YNL214W	YNL214W	PEX17	PEX17	0.549934456	0.549934456	-0.564299293
YNL246W_YNL246W	YNL246W	YNL246W	VPS75	VPS75	0.306536262	0.306536262	-0.289098599
YNL247W_YNL247W	YNL247W	YNL247W	YNL247W	YNL247W	0.193578739	0.193578739	0.003192508
YNL248C_YNL248C	YNL248C	YNL248C	RPA49	RPA49	0.817362383	0.817362383	-1.192183976
YNL248C_YOR340C	YNL248C	YOR340C	RPA49	RPA43	0.817362383	0.310678549	NA
YNL248C_YOR341W	YNL248C	YOR341W	RPA49	RPA190	0.817362383	0.042092391	NA
YNL248C_YPR010C	YNL248C	YPR010C	RPA49	RPA135	0.817362383	0.111052273	NA
YNL248C_YPR187W	YNL248C	YPR187W	RPA49	RPO26	0.817362383	0.636544373	NA
YNL255C_YCL037C	YNL255C	YCL037C	GIS2	SRO9	0.743426143	0.72255521	0.418807953
YNL255C_YER112W	YNL255C	YER112W	GIS2	LSM4	0.743426143	0.836821179	0.111023308
YNL255C_YNL112W	YNL255C	YNL112W	GIS2	DBP2	0.743426143	0.596534211	-0.413208133
YNL255C_YNL255C	YNL255C	YNL255C	GIS2	GIS2	0.743426143	0.743426143	1.360807069
YNL255C_YNR051C	YNL255C	YNR051C	GIS2	BRE5	0.743426143	0.223219414	1.010260165
YNL255C_YOR054C	YNL255C	YOR054C	GIS2	VHS3	0.743426143	NA	NA
YNL255C_YOR204W	YNL255C	YOR204W	GIS2	DED1	0.743426143	NA	0.136073871
YNL255C_YPL119C	YNL255C	YPL119C	GIS2	DBP1	0.743426143	0.853494616	0.508674501
YNL255C_YPL127C	YNL255C	YPL127C	GIS2	HHO1	0.743426143	-0.026416425	NA
YNL265C_YKR035W-A	YNL265C	YKR035W-A	IST1	DID2	0.60811322	0.479816466	0.027481911
YNL288W_YCR093W	YNL288W	YCR093W	CAF40	CDC39	0.787684296	0.736186448	0.408234231
YNL288W_YER068W	YNL288W	YER068W	CAF40	MOT2	0.787684296	0.02102958	-0.253043224
YNL288W_YIL038C	YNL288W	YIL038C	CAF40	NOT3	0.787684296	0.494370096	0.471025934
YNL288W_YNL091W	YNL288W	YNL091W	CAF40	NST1	0.787684296	0.202358144	-0.528695215
YNL288W_YNL288W	YNL288W	YNL288W	CAF40	CAF40	0.787684296	0.787684296	-0.366478614
YNL288W_YNR052C	YNL288W	YNR052C	CAF40	POP2	0.787684296	0.230618553	0.560529756
YNL288W_YPR072W	YNL288W	YPR072W	CAF40	NOT5	0.787684296	0.314186187	-0.197457946
YNL307C_YOL147C	YNL307C	YOL147C	MCK1	PEX11	0.364272669	0.340416759	-0.723517619
YNL308C_YDL208W	YNL308C	YDL208W	KRI1	NHP2	0.359571654	0.389142035	-0.371102009
YNL308C_YPL012W	YNL308C	YPL012W	KRI1	RRP12	0.359571654	0.52140855	NA
YNL311C_YOR027W	YNL311C	YOR027W	SKP2	STI1	0.263068736	0.655563897	NA
YNL323W_YER166W	YNL323W	YER166W	LEM3	DNF1	0.326292855	0.359837956	0.306373866
YNL329C_YKL197C	YNL329C	YKL197C	PEX6	PEX1	0.484063907	0.33818658	-0.37919103
YNR006W_YHL002W	YNR006W	YHL002W	VPS27	HSE1	0.587124763	0.655357795	-0.591465932
YNR019W_YOR267C	YNR019W	YOR267C	ARE2	HRK1	0.417290805	0.907225267	NA
YNR031C_YLR006C	YNR031C	YLR006C	SSK2	SSK1	0.424293221	0.356609964	-0.795520512
YNR034W_YMR120C	YNR034W	YMR120C	SOL1	ADE17	1.007591541	0.249105517	0.158938739
YNR034W_YNR051C	YNR034W	YNR051C	SOL1	BRE5	1.007591541	0.223219414	NA
YNR035C_YBR234C	YNR035C	YBR234C	ARC35	ARC40	0.377195569	0.615961767	-0.044146898
YNR035C_YKL013C	YNR035C	YKL013C	ARC35	ARC19	0.377195569	0.648221252	0.163811851
YNR035C_YLR370C	YNR035C	YLR370C	ARC35	ARC18	0.377195569	0.756479562	0.386148247
YNR035C_YOR181W	YNR035C	YOR181W	ARC35	LAS17	0.377195569	0.135178981	-0.703783164
YNR038W_YJR041C	YNR038W	YJR041C	DBP6	URB2	0.372325865	0.201898038	NA
YNR051C_YCL037C	YNR051C	YCL037C	BRE5	SRO9	0.223219414	0.72255521	0.267861905
YNR051C_YNL255C	YNR051C	YNL255C	BRE5	GIS2	0.223219414	0.743426143	0.648361664
YNR051C_YNR051C	YNR051C	YNR051C	BRE5	BRE5	0.223219414	0.223219414	0.550558418
YNR051C_YOL077C	YNR051C	YOL077C	BRE5	BRX1	0.223219414	0.641755909	NA
YNR051C_YOR204W	YNR051C	YOR204W	BRE5	DED1	0.223219414	NA	1.711508218
YNR051C_YOR267C	YNR051C	YOR267C	BRE5	HRK1	0.223219414	0.907225267	NA
YNR052C_YOL149W	YNR052C	YOL149W	POP2	DCP1	0.230618553	0.331709163	NA
YNR053C_YPR016C	YNR053C	YPR016C	NOG2	TIF6	0.424005323	0.290010849	NA
YOL012C_YKR048C	YOL012C	YKR048C	HTZ1	NAP1	0.299720694	0.92354636	-1.037285879
YOL012C_YPL127C	YOL012C	YPL127C	HTZ1	HHO1	0.299720694	-0.026416425	0.900076975
YOL061W_YKL181W	YOL061W	YKL181W	PRS5	PRS1	0.724726166	0.177263749	-1.446602216
YOL061W_YOL061W	YOL061W	YOL061W	PRS5	PRS5	0.724726166	0.724726166	-0.111885949
YOL077C_YOL100W	YOL077C	YOL100W	BRX1	PKH2	0.641755909	0.242298341	NA
YOL147C_YDL065C	YOL147C	YDL065C	PEX11	PEX19	0.340416759	0.700993514	0.119602716
YOL147C_YDR329C	YOL147C	YDR329C	PEX11	PEX3	0.340416759	0.173295454	-0.711408926
YOL147C_YGL153W	YOL147C	YGL153W	PEX11	PEX14	0.340416759	0.417955596	0.415650601
YOL147C_YLR191W	YOL147C	YLR191W	PEX11	PEX13	0.340416759	0.625853733	0.468458492
YOL147C_YOL147C	YOL147C	YOL147C	PEX11	PEX11	0.340416759	0.340416759	0.295284903
YOR027W_YOR027W	YOR027W	YOR027W	STI1	STI1	0.655563897	0.655563897	0.465556262
YOR039W_YGL019W	YOR039W	YGL019W	CKB2	CKB1	0.402596088	0.34890737	0.396326827
YOR039W_YIL035C	YOR039W	YIL035C	CKB2	CKA1	0.402596088	0.452856662	-0.263618998
YOR039W_YOR061W	YOR039W	YOR061W	CKB2	CKA2	0.402596088	0.961068283	-1.096357011
YOR042W_YFR024C-A	YOR042W	YFR024C-A	CUE5	LSB3	0.769021764	0.745341492	0.472507159
YOR042W_YHR016C	YOR042W	YHR016C	CUE5	YSC84	0.769021764	NA	-0.089269278
YOR054C_YML016C	YOR054C	YML016C	VHS3	PPZ1	NA	0.802798042	0.165476461
YOR061W_YOR039W	YOR061W	YOR039W	CKA2	CKB2	0.961068283	0.402596088	-1.612458575
YOR069W_YJL053W	YOR069W	YJL053W	VPS5	PEP8	0.556890436	0.845984331	0.035211501
YOR069W_YJL154C	YOR069W	YJL154C	VPS5	VPS35	0.556890436	0.63943227	-0.357311307
YOR069W_YOR069W	YOR069W	YOR069W	VPS5	VPS5	0.556890436	0.556890436	-0.870512768
YOR069W_YOR132W	YOR069W	YOR132W	VPS5	VPS17	0.556890436	0.369156711	NA
YOR076C_YCR035C	YOR076C	YCR035C	SKI7	RRP43	0.330470387	0.942941292	0.096679578
YOR076C_YNL232W	YOR076C	YNL232W	SKI7	CSL4	0.330470387	0.727695891	-0.969454505
YOR076C_YPR189W	YOR076C	YPR189W	SKI7	SKI3	0.330470387	0.348807433	-0.750247186
YOR087W_YOR087W	YOR087W	YOR087W	YVC1	YVC1	0.121124734	0.121124734	-0.701756083
YOR089C_YOR370C	YOR089C	YOR370C	VPS21	MRS6	1.219076564	0.519928511	-0.781646779
YOR094W_YOR094W	YOR094W	YOR094W	ARF3	ARF3	0.550828917	0.550828917	NA
YOR095C_YOR095C	YOR095C	YOR095C	RKI1	RKI1	0.182451636	0.182451636	0.198776974
YOR104W_YFL047W	YOR104W	YFL047W	PIN2	RGD2	0.251058796	0.505071379	-0.69478981
YOR109W_YGL206C	YOR109W	YGL206C	INP53	CHC1	0.521579772	0.376158685	-0.094809018
YOR117W_YDR394W	YOR117W	YDR394W	RPT5	RPT3	NA	0.490235857	0.455348371
YOR117W_YHR027C	YOR117W	YHR027C	RPT5	RPN1	NA	0.960583188	0.692605951
YOR117W_YKL145W	YOR117W	YKL145W	RPT5	RPT1	NA	0.774758569	1.029100851
YOR117W_YOR259C	YOR117W	YOR259C	RPT5	RPT4	NA	0.419294619	0.316947774
YOR117W_YOR261C	YOR117W	YOR261C	RPT5	RPN8	NA	0.786388877	NA
YOR132W_YJL053W	YOR132W	YJL053W	VPS17	PEP8	0.369156711	0.845984331	-0.224053934
YOR132W_YJL154C	YOR132W	YJL154C	VPS17	VPS35	0.369156711	0.63943227	0.052661809
YOR132W_YOR069W	YOR132W	YOR069W	VPS17	VPS5	0.369156711	0.556890436	-0.793761255
YOR145C_YPL263C	YOR145C	YPL263C	PNO1	KEL3	NA	0.563936754	1.773016909
YOR165W_YOR165W	YOR165W	YOR165W	SEY1	SEY1	0.789453701	0.789453701	-0.09479118
YOR181W_YBR234C	YOR181W	YBR234C	LAS17	ARC40	0.135178981	0.615961767	-0.192465828
YOR181W_YFR024C-A	YOR181W	YFR024C-A	LAS17	LSB3	0.135178981	0.745341492	0.107538234
YOR181W_YHR016C	YOR181W	YHR016C	LAS17	YSC84	0.135178981	NA	NA
YOR181W_YIL062C	YOR181W	YIL062C	LAS17	ARC15	0.135178981	0.470923256	0.161619044
YOR181W_YKL013C	YOR181W	YKL013C	LAS17	ARC19	0.135178981	0.648221252	0.945734242
YOR181W_YLR337C	YOR181W	YLR337C	LAS17	VRP1	0.135178981	0.505580967	NA
YOR181W_YLR370C	YOR181W	YLR370C	LAS17	ARC18	0.135178981	0.756479562	0.875510067
YOR181W_YMR109W	YOR181W	YMR109W	LAS17	MYO5	0.135178981	0.456482294	0.177376218
YOR181W_YNL084C	YOR181W	YNL084C	LAS17	END3	0.135178981	0.603991295	0.108722426
YOR181W_YOR181W	YOR181W	YOR181W	LAS17	LAS17	0.135178981	0.135178981	-0.086227559
YOR181W_YPR154W	YOR181W	YPR154W	LAS17	PIN3	0.135178981	0.719831118	NA
YOR206W_YFR001W	YOR206W	YFR001W	NOC2	LOC1	0.782673369	0.289715438	NA
YOR206W_YLR196W	YOR206W	YLR196W	NOC2	PWP1	0.782673369	0.765763874	1.821462693
YOR206W_YLR449W	YOR206W	YLR449W	NOC2	FPR4	0.782673369	1.067185505	0.583019868
YOR206W_YOL077C	YOR206W	YOL077C	NOC2	BRX1	0.782673369	0.641755909	0.58045251
YOR206W_YOR206W	YOR206W	YOR206W	NOC2	NOC2	0.782673369	0.782673369	-0.274640582
YOR206W_YPL043W	YOR206W	YPL043W	NOC2	NOP4	0.782673369	0.417997029	NA
YOR206W_YPL127C	YOR206W	YPL127C	NOC2	HHO1	0.782673369	-0.026416425	1.202529974
YOR206W_YPR016C	YOR206W	YPR016C	NOC2	TIF6	0.782673369	0.290010849	NA
YOR226C_YPL088W	YOR226C	YPL088W	ISU2	YPL088W	1.256257678	NA	NA
YOR261C_YDL097C	YOR261C	YDL097C	RPN8	RPN6	0.786388877	0.990487771	0.209322485
YOR261C_YDL147W	YOR261C	YDL147W	RPN8	RPN5	0.786388877	0.82556801	0.423028725
YOR261C_YDR427W	YOR261C	YDR427W	RPN8	RPN9	0.786388877	1.343182053	0.33289359
YOR267C_YPR032W	YOR267C	YPR032W	HRK1	SRO7	0.907225267	0.596332213	NA
YOR270C_YEL051W	YOR270C	YEL051W	VPH1	VMA8	0.587883105	0.527254845	-0.24127797
YOR270C_YGR020C	YOR270C	YGR020C	VPH1	VMA7	0.587883105	0.334854352	-0.094849622
YOR270C_YLR447C	YOR270C	YLR447C	VPH1	VMA6	0.587883105	-0.151090462	0.392700345
YOR270C_YPR036W	YOR270C	YPR036W	VPH1	VMA13	0.587883105	0.353816108	0.863115602
YOR273C_YGR130C	YOR273C	YGR130C	TPO4	YGR130C	0.160732349	0.770378342	-2.537396547
YOR362C_YGR135W	YOR362C	YGR135W	PRE10	PRE9	1.228401095	0.708508161	0.092351731
YOR362C_YML092C	YOR362C	YML092C	PRE10	PRE8	1.228401095	0.937335472	1.236966017
YOR370C_YKR014C	YOR370C	YKR014C	MRS6	YPT52	0.519928511	1.339863119	-0.144164034
YOR370C_YLR403W	YOR370C	YLR403W	MRS6	SFP1	0.519928511	0.377523022	-0.183210644
YOR370C_YOR089C	YOR370C	YOR089C	MRS6	VPS21	0.519928511	1.219076564	-0.990879403
YPL004C_YGL137W	YPL004C	YGL137W	LSP1	SEC27	0.485547778	0.467786153	0.178301286
YPL004C_YGR130C	YPL004C	YGR130C	LSP1	YGR130C	0.485547778	0.770378342	-0.1645792
YPL004C_YOL100W	YPL004C	YOL100W	LSP1	PKH2	0.485547778	0.242298341	0.012986183
YPL004C_YPL221W	YPL004C	YPL221W	LSP1	FLC1	0.485547778	0.074414597	-0.568269854
YPL010W_YDR238C	YPL010W	YDR238C	RET3	SEC26	0.602111222	0.548325306	NA
YPL010W_YFR051C	YPL010W	YFR051C	RET3	RET2	0.602111222	0.203833944	-0.092446691
YPL010W_YGL137W	YPL010W	YGL137W	RET3	SEC27	0.602111222	0.467786153	-0.438289511
YPL010W_YNL287W	YPL010W	YNL287W	RET3	SEC21	0.602111222	0.086281943	0.6136416
YPL043W_YPL211W	YPL043W	YPL211W	NOP4	NIP7	0.417997029	0.610519937	NA
YPL049C_YPL256C	YPL049C	YPL256C	DIG1	CLN2	0.281347193	0.199538575	NA
YPL091W_YPL091W	YPL091W	YPL091W	GLR1	GLR1	1.324364053	1.324364053	0.752433368
YPL112C_YDL065C	YPL112C	YDL065C	PEX25	PEX19	0.417559619	0.700993514	-1.056075238
YPL112C_YPL112C	YPL112C	YPL112C	PEX25	PEX25	0.417559619	0.417559619	0.247990168
YPL116W_YPL116W	YPL116W	YPL116W	HOS3	HOS3	0.434029941	0.434029941	-0.353804339
YPL119C_YNL255C	YPL119C	YNL255C	DBP1	GIS2	0.853494616	0.743426143	-0.119323037
YPL129W_YML098W	YPL129W	YML098W	TAF14	TAF13	0.386090115	0.188256655	NA
YPL265W_YPL265W	YPL265W	YPL265W	DIP5	DIP5	0.03452203	0.03452203	-0.793747801
YPR010C_YOR341W	YPR010C	YOR341W	RPA135	RPA190	0.111052273	0.042092391	0.408885131
YPR010C_YPR016C	YPR010C	YPR016C	RPA135	TIF6	0.111052273	0.290010849	NA
YPR010C_YPR187W	YPR010C	YPR187W	RPA135	RPO26	0.111052273	0.636544373	NA
YPR016C_YGL099W	YPR016C	YGL099W	TIF6	LSG1	0.290010849	0.542148834	0.167490682
YPR016C_YHR170W	YPR016C	YHR170W	TIF6	NMD3	0.290010849	0.481668662	1.565732016
YPR016C_YLR074C	YPR016C	YLR074C	TIF6	BUD20	0.290010849	0.650064413	NA
YPR016C_YNR053C	YPR016C	YNR053C	TIF6	NOG2	0.290010849	0.424005323	2.309120965
YPR016C_YOL077C	YPR016C	YOL077C	TIF6	BRX1	0.290010849	0.641755909	0.079944815
YPR029C_YGL206C	YPR029C	YGL206C	APL4	CHC1	0.134033911	0.376158685	0.443959062
YPR029C_YJL207C	YPR029C	YJL207C	APL4	LAA1	0.134033911	0.533332728	0.229375612
YPR029C_YJR125C	YPR029C	YJR125C	APL4	ENT3	0.134033911	NA	0.395801867
YPR029C_YKL135C	YPR029C	YKL135C	APL4	APL2	0.134033911	1.003519926	-0.480368302
YPR029C_YLR170C	YPR029C	YLR170C	APL4	APS1	0.134033911	NA	0.43988425
YPR029C_YPR029C	YPR029C	YPR029C	APL4	APL4	0.134033911	0.134033911	0.075020866
YPR036W_YEL051W	YPR036W	YEL051W	VMA13	VMA8	0.353816108	0.527254845	0.787252621
YPR036W_YGR020C	YPR036W	YGR020C	VMA13	VMA7	0.353816108	0.334854352	0.703710433
YPR036W_YGR106C	YPR036W	YGR106C	VMA13	VOA1	0.353816108	0.55685021	-0.067453639
YPR036W_YOR270C	YPR036W	YOR270C	VMA13	VPH1	0.353816108	0.587883105	0.688343965
YPR048W_YKR071C	YPR048W	YKR071C	TAH18	DRE2	NA	0.98951436	-0.635566875
YPR052C_YPL127C	YPR052C	YPL127C	NHP6A	HHO1	0.999789456	-0.026416425	0.529372546
YPR062W_YPR062W	YPR062W	YPR062W	FCY1	FCY1	0.567631175	0.567631175	0.010226242
YPR110C_YNL113W	YPR110C	YNL113W	RPC40	RPC19	0.393351293	0.819375252	-0.601454636
YPR110C_YOR341W	YPR110C	YOR341W	RPC40	RPA190	0.393351293	0.042092391	0.59406877
YPR113W_YPR113W	YPR113W	YPR113W	PIS1	PIS1	0.552719731	0.552719731	-0.018222767
YPR124W_YPR124W	YPR124W	YPR124W	CTR1	CTR1	0.872758933	0.872758933	0.11965464
YPR137W_YJL109C	YPR137W	YJL109C	RRP9	UTP10	0.548766134	0.473443234	NA
YPR137W_YNL255C	YPR137W	YNL255C	RRP9	GIS2	0.548766134	0.743426143	NA
YPR138C_YER020W	YPR138C	YER020W	MEP3	GPA2	-0.057733896	0.46110311	-0.211354905
YPR138C_YPR138C	YPR138C	YPR138C	MEP3	MEP3	-0.057733896	-0.057733896	0.931451404
YPR173C_YLR025W	YPR173C	YLR025W	VPS4	SNF7	0.29787876	NA	-0.766881636
YPR173C_YLR181C	YPR173C	YLR181C	VPS4	VTA1	0.29787876	0.342294361	-0.398263486
YPR187W_YOR341W	YPR187W	YOR341W	RPO26	RPA190	0.636544373	0.042092391	0.364921341